StockNo,DealerCode,ManuYear,Make,Model,Series,Badge,Body,Doors,Seats,BodyColour,TrimColour,Gears,Gearbox,FuelType,Wholesale, Retail ,Rego,Odometer,Cylinders,EngineCapacity,VINNumber,EngineNumber,ManuMonth,Options,Comments,NVIC,Redbookcode,InventoryID,EGC,Location,DriveAwayAmount,IsDriveAway,DriveType
1390,13156,2002,Audi,A4,B6,Quattro,Sedan,4,5,Red,,5 Speed,Manual,Petrol - Premium ULP,,"$9,888.35 ",SDB176,115964,4,1.8,WAUZZZEX3A1281144,BFB003044,7,"Air Conditioning, Airbag, Alloy Wheels, Anti-lock Braking System (ABS), CD Player, Central Locking, Climate Control, Cruise Control, Electronic Fuel Injection, Engine Immobiliser, Leather Trim, Log books, Metallic paint, Power mirrors, Power Steering, Power windows, Radio, Sunroof, Traction control system, Turbo","Audi A4 1.8T Quattro Manual in superb condition throughout, the leather is lovely, the body is in excellent condition. Good tyre tread. Drives incredibly well. Full service history in the log books! Come for a test drive!, Air Conditioning, Airbag, Alloy Wheels, Anti-lock Braking System (ABS), CD Player, Central Locking, Climate Control, Cruise Control, Electronic Fuel Injection, Engine Immobiliser, Leather Trim, Log books, Metallic paint, Power mirrors, Power Steering, Power windows, Radio, Sunroof, Traction control system, Turbo, * * * * * Located 10 minutes from CBD and Sydney Airport /// Inspection by appointment only /// We have 34 years industry experience /// T R A D E - I N S welcome /// Competitive F I N A N C E, W A R R A N T Y & Australia-Wide S H I P P I NG Available /// We take credit cards & eftpos /// Please call us! * * * * *",,,,,"14 Commercial Road, Kingsgrove NSW 2208",,0,4WD
1529,13156,2011,Audi,S5,8T MY11,Sportback S tronic quattro,Hatchback,5,4,Black,,7 Speed,Auto Sportshift,Petrol - Premium ULP,,"$74,888.12 ",CTX75C,32416,6,3,WAUZZZ8T2BA077298,CAK018642,9,"Air Conditioning, Airbag, Alarm, Alloy Wheels, Anti-lock Braking System (ABS), CD Player, Central Locking, Climate Control, Cruise Control, Electric Front Seats, Electronic Fuel Injection, Engine Immobiliser, Leather Trim, Log books, Metallic paint, Phone Kit, Power mirrors, Power Steering, Power windows, Radio, Speed Alert - Warning, Sunroof, Tinted Windows, Traction control system, Trip Computer, Turbo","https://www.youtube.com/watch?v=IWq3fspoqnY.  - ONE OWNER IN AS NEW CONDITION  - FULL AUDI SERVIE HISTORY (2 KEYS)  - OPTIONS > two tone Suede/Leather Seating, Teknik Pack with Memory Seats & Blind Spot Monitoring, Drive Select with Dynamic Mode, Reverse Camera, Electric Glass Sunroof & Bang and Olufsen Premium Sound.   - TRADES WELCOME  - PRICE NEGOTIABLE, Air Conditioning, Airbag, Alarm, Alloy Wheels, Anti-lock Braking System (ABS), CD Player, Central Locking, Climate Control, Cruise Control, Electric Front Seats, Electronic Fuel Injection, Engine Immobiliser, Leather Trim, Log books, Metallic paint, Phone Kit, Power mirrors, Power Steering, Power windows, Radio, Speed Alert - Warning, Sunroof, Tinted Windows, Traction control system, Trip Computer, Turbo, * * * * * Located 10 minutes from CBD and Sydney Airport /// Inspection by appointment only /// We have 34 years industry experience /// T R A D E - I N S welcome /// Competitive F I N A N C E, W A R R A N T Y & Australia-Wide S H I P P I NG Available /// We take credit cards & eftpos /// Please call us! * * * * *",,,,,"14 Commercial Road, Kingsgrove NSW 2208",,0,4WD
1600,13156,2007,Audi,A6,4F,Tiptronic Quattro,Sedan,4,5,Silver,,6 Speed,Automatic,Petrol - Premium ULP,,"$19,888.66 ",BKP59E,114728,6,2.8,WAUZZZ4F78N022122,BDX002796,10,"Air Conditioning, Airbag, Alarm, Alloy Wheels, Anti-lock Braking System (ABS), CD Player, Central Locking, Climate Control, Cruise Control, Electric Front Seats, Electronic Fuel Injection, Engine Immobiliser, Leather Trim, Log books, Metallic paint, Phone Kit, Power mirrors, Power Steering, Power windows, Radio, Speed Alert - Warning, Sunroof, Tinted Windows, Traction control system, Trip Computer","https://www.youtube.com/watch?v=fMOYF8Jzncg    * * EXCELLENT 2.8 V6 QUATTRO * FULL SERVICE HISTORY, JUST HAD AUDI SERVICE AT 112,000KM * 2 X KEYS * SILVER WITH DARK TAN LEATHER * ELECTRIC SEATS / SUNROOF * * LOVELY TO DRIVE., Air Conditioning, Airbag, Alarm, Alloy Wheels, Anti-lock Braking System (ABS), CD Player, Central Locking, Climate Control, Cruise Control, Electric Front Seats, Electronic Fuel Injection, Engine Immobiliser, Leather Trim, Log books, Metallic paint, Phone Kit, Power mirrors, Power Steering, Power windows, Radio, Speed Alert - Warning, Sunroof, Tinted Windows, Traction control system, Trip Computer, * * * * * Located 10 minutes from CBD and Sydney Airport /// Inspection by appointment only /// We have 34 years industry experience /// T R A D E - I N S welcome /// Competitive F I N A N C E, W A R R A N T Y & Australia-Wide S H I P P I NG Available /// We take credit cards & eftpos /// Please call us! * * * * *",,,,,"966 Elizabeth Street, Zetland NSW 2017",,0,4WD
1610,13156,2007,Audi,A3,8P,Ambition Sportback S tronic,Hatchback,5,5,Silver,,6 Speed,Auto Sportshift,Petrol - Premium ULP,,"$11,888.00 ",BCK48P,103218,4,1.8,WAUZZZ8P87A196984,BYT005497,6,"Air Conditioning, Airbag, Alarm, Alloy Wheels, Anti-lock Braking System (ABS), CD Player, Central Locking, Climate Control, Cloth Trim, Cruise Control, Electronic Fuel Injection, Engine Immobiliser, Log books, Metallic paint, Power mirrors, Power Steering, Power windows, Radio, Speed Alert - Warning, Tinted Windows, Traction control system, Trip Computer, Turbo","* * LOVELY CAR * 2 KEYS * IMMACULATE CONDITION * LOW KILOMETERS, Air Conditioning, Airbag, Alarm, Alloy Wheels, Anti-lock Braking System (ABS), CD Player, Central Locking, Climate Control, Cloth Trim, Cruise Control, Electronic Fuel Injection, Engine Immobiliser, Log books, Metallic paint, Power mirrors, Power Steering, Power windows, Radio, Speed Alert - Warning, Tinted Windows, Traction control system, Trip Computer, Turbo, * * * * * Located 10 minutes from CBD and Sydney Airport /// Inspection by appointment only /// We have 34 years industry experience /// T R A D E - I N S welcome /// Competitive F I N A N C E, W A R R A N T Y & Australia-Wide S H I P P I NG Available /// We take credit cards & eftpos /// Please call us! * * * * *",,,,,"966 Elizabeth Street, Zetland NSW 2017",,0,FWD
1612,13156,2008,Audi,A3,8P,Ambition Sportback S tronic,Hatchback,5,5,Grey,,6 Speed,Auto Sportshift,Petrol - Premium ULP,,"$14,888.00 ",BWT81G,90436,4,2,WAUZZZ8P48A059834,BWA183084,10,"Air Conditioning, Airbag, Alarm, Alloy Wheels, Anti-lock Braking System (ABS), CD Player, Central Locking, Climate Control, Cruise Control, Electronic Fuel Injection, Engine Immobiliser, Log books, Metallic paint, Power mirrors, Power Steering, Power windows, Radio, Tinted Windows, Traction control system, Trip Computer, Turbo","https://www.youtube.com/watch?v=oiaNGyQ5I9k    * 2.0 TURBO 5 DOOR * FULL AUDI SERVICE HISTORY * LOW KILOMETERS * 2 KEYS * EXCELLENT CONDITION * NEAR NEW TYRES, Air Conditioning, Airbag, Alarm, Alloy Wheels, Anti-lock Braking System (ABS), CD Player, Central Locking, Climate Control, Cruise Control, Electronic Fuel Injection, Engine Immobiliser, Log books, Metallic paint, Power mirrors, Power Steering, Power windows, Radio, Tinted Windows, Traction control system, Trip Computer, Turbo, * * * * * Located 10 minutes from CBD and Sydney Airport /// Inspection by appointment only /// We have 34 years industry experience /// T R A D E - I N S welcome /// Competitive F I N A N C E, W A R R A N T Y & Australia-Wide S H I P P I NG Available /// We take credit cards & eftpos /// Please call us! * * * * *",,,,,"966 Elizabeth Street, Zetland NSW 2017",,0,FWD
1619,13156,2004,Audi,A4,B6,Multitronic,Cabriolet,2,4,Silver,,1 Speed,Constant Variable,Petrol - Premium ULP,,"$9,888.00 ",AQZ18L,216463,4,1.8,WAUZZZ8H94K027247,BFB068525,4,"Air Conditioning, Airbag, Alarm, Alloy Wheels, Anti-lock Braking System (ABS), CD Player, Central Locking, Climate Control, Cruise Control, Electronic Fuel Injection, Engine Immobiliser, Leather Trim, Log books, Metallic paint, Power mirrors, Power Steering, Power windows, Radio, Speed Alert - Warning, Tinted Windows, Traction control system, Trip Computer, Turbo","https://www.youtube.com/watch?v=TOCHCJ9c_Rg    * * LOVELY FOR AGE AND KMS * * DARK RED LEATHER * PREMIUM SOUND * EXCELLENT MECHANICALLY * FULL SERVICE HISTORY * 2 KEYS * TEST DRIVES WELCOME!, Air Conditioning, Airbag, Alarm, Alloy Wheels, Anti-lock Braking System (ABS), CD Player, Central Locking, Climate Control, Cruise Control, Electronic Fuel Injection, Engine Immobiliser, Leather Trim, Log books, Metallic paint, Power mirrors, Power Steering, Power windows, Radio, Speed Alert - Warning, Tinted Windows, Traction control system, Trip Computer, Turbo, * * * * * Located 10 minutes from CBD and Sydney Airport /// Inspection by appointment only /// We have 34 years industry experience /// T R A D E - I N S welcome /// Competitive F I N A N C E, W A R R A N T Y & Australia-Wide S H I P P I NG Available /// We take credit cards & eftpos /// Please call us! * * * * *",,,,,"966 Elizabeth Street, Zetland NSW 2017",,0,FWD
1628,13156,2006,Audi,A4,B7,Multitronic,Sedan,4,5,Black,,7 Speed,Constant Variable,Petrol - Premium ULP,,"$11,888.00 ",CXO20D,149986,4,2,WAUZZZ8E65A558452,BGB014261,7,"Air Conditioning, Airbag, Alarm, Alloy Wheels, Anti-lock Braking System (ABS), CD Player, Central Locking, Climate Control, Cruise Control, Electronic Fuel Injection, Engine Immobiliser, Leather Trim, Log books, Metallic paint, Power mirrors, Power Steering, Power windows, Radio, Speed Alert - Warning, Sunroof, Tinted Windows, Traction control system, Trip Computer, Turbo","https://www.youtube.com/watch?v=8i0K-cqzkJ8    * * * LOVELY 2 LITRE TURBO * * LEATHER * SUNROOF * PADDLESHIFTS * FULL SERVICE HISTORY (UP-TO-DATE) * * 17`` ALLOYS * * NEAR NEW PIRELLI TYRES * 2 KEYS, Air Conditioning, Airbag, Alarm, Alloy Wheels, Anti-lock Braking System (ABS), CD Player, Central Locking, Climate Control, Cruise Control, Electronic Fuel Injection, Engine Immobiliser, Leather Trim, Log books, Metallic paint, Power mirrors, Power Steering, Power windows, Radio, Speed Alert - Warning, Sunroof, Tinted Windows, Traction control system, Trip Computer, Turbo, * * * * * Located 10 minutes from CBD and Sydney Airport /// Inspection by appointment only /// We have 34 years industry experience /// T R A D E - I N S welcome /// Competitive F I N A N C E, W A R R A N T Y & Australia-Wide S H I P P I NG Available /// We take credit cards & eftpos /// Please call us! * * * * *",,,,,"966 Elizabeth Street, Zetland NSW 2017",,0,FWD
1632,13156,2008,Audi,Q7,MY09,TDI Quattro,Wagon,5,7,Silver,,6 Speed,Automatic,Diesel,,"$40,888.00 ",BGH91E,93250,6,3,WAUZZZ4L48D063321,CAS025993,7,"Air Conditioning, Airbag, Alarm, Alloy Wheels, Anti-lock Braking System (ABS), CD Player, Central Locking, Climate Control, Cruise Control, Electric Front Seats, Electronic Fuel Injection, Engine Immobiliser, Leather Trim, Log books, Metallic paint, Power mirrors, Power Steering, Power windows, Radio, Speed Alert - Warning, Tinted Windows, Traction control system, Trip Computer, Turbo","ONE OWNER * 7 SEATS * * FULL UP TO DATE AUDI SERVICE HISTORY * * ABSOLUTELY IMMACULATE  * * 2 X KEYS * * NEAR NEW PIRELLI TYRES * * BEAUTIFUL TO DRIVE, Air Conditioning, Airbag, Alarm, Alloy Wheels, Anti-lock Braking System (ABS), CD Player, Central Locking, Climate Control, Cruise Control, Electric Front Seats, Electronic Fuel Injection, Engine Immobiliser, Leather Trim, Log books, Metallic paint, Power mirrors, Power Steering, Power windows, Radio, Speed Alert - Warning, Tinted Windows, Traction control system, Trip Computer, Turbo, * * * * * Located 10 minutes from CBD and Sydney Airport /// Inspection by appointment only /// We have 34 years industry experience /// T R A D E - I N S welcome /// Competitive F I N A N C E, W A R R A N T Y & Australia-Wide S H I P P I NG Available /// We take credit cards & eftpos /// Please call us! * * * * *",,,,,"966 Elizabeth Street, Zetland NSW 2017",,0,4WD
1637,13156,2011,Audi,A6,4F MY11,Tiptronic Quattro,Sedan,4,5,Grey,,6 Speed,Automatic,Diesel,,"$42,888.00 ",BSD45K,52856,6,3,WAUZZZ4F2BN052622,CDY048391,3,"Airbag, Alloy Wheels, Anti-lock Braking System (ABS), Central Locking, Climate Control, Cruise Control, Metallic paint, Power mirrors, Power Steering, Power windows, Traction control system","A Perfect example... AND stunnung car in every way!, Airbag, Alloy Wheels, Anti-lock Braking System (ABS), Central Locking, Climate Control, Cruise Control, Metallic paint, Power mirrors, Power Steering, Power windows, Traction control system, * * * * * Located 10 minutes from CBD and Sydney Airport /// Inspection by appointment only /// We have 34 years industry experience /// T R A D E - I N S welcome /// Competitive F I N A N C E, W A R R A N T Y & Australia-Wide S H I P P I NG Available /// We take credit cards & eftpos /// Please call us! * * * * *",,,,,"966 Elizabeth Street, Zetland NSW 2017",,0,4WD
1638,13156,1998,Audi,A4,B5,,Sedan,4,5,Blue,,5 Speed,Automatic,Petrol - Premium ULP,,"$5,500.00 ",AFY33G,134678,6,2.4,WAUZZZ8DZWA098916,AGA042526,2,"Airbag, Anti-lock Braking System (ABS), Central Locking, Climate Control, Cruise Control, Power mirrors, Power Steering, Power windows","Airbag, Anti-lock Braking System (ABS), Central Locking, Climate Control, Cruise Control, Power mirrors, Power Steering, Power windows, * * * * * Located 10 minutes from CBD and Sydney Airport /// Inspection by appointment only /// We have 34 years industry experience /// T R A D E - I N S welcome /// Competitive F I N A N C E, W A R R A N T Y & Australia-Wide S H I P P I NG Available /// We take credit cards & eftpos /// Please call us! * * * * *",,,,,"966 Elizabeth Street, Zetland NSW 2017",,0,FWD
1143,13156,2000,BMW,323CI,E46,,Coupe,2,5,Black,,5 Speed,Auto Steptronic,Petrol - Premium ULP,,"$9,990.00 ",TM762,139569,6,2.5,WBABM320X0EE92843,27259379,1,"Air Conditioning, Alloy Wheels, Anti-Lock Braking, Automatic Air Con / Climate Control, Central Locking Remote Control, Cruise Control, Dual Airbag Package, Electronic Fuel Injection, Engine Immobiliser, Fog Lights - Front, Leather Trim, Leather Upholstery, Log books, Power Front Seat Driver, Power Mirrors, Power Steering, Power Windows, Radio, Radio CD with 6 Speakers, Side Front Air Bags, Side Rear Air Bags, Sport Seats, Sports Suspension, Sunroof, Traction Control System, Trip Computer","For our video of this car search this code on YouTube: cz-RoiDzWs4            A lovely example drives very well with low kilometers and full log book service history. Come for a test drive, best colour combination, bullet proof vehicle!, Air Conditioning, Airbag, Alloy Wheels, Anti-lock Braking System (ABS), CD Player, Central Locking, Climate Control, Cruise Control, Electronic Fuel Injection, Engine Immobiliser, Leather Trim, Log books, Power mirrors, Power Steering, Power windows, Radio, Sunroof, Trip Computer, * * * * * Located 10 minutes from CBD and Sydney Airport /// Inspection by appointment only /// We have 34 years industry experience /// T R A D E - I N S welcome /// Competitive F I N A N C E, W A R R A N T Y & Australia-Wide S H I P P I NG Available /// We take credit cards & eftpos /// Please call us! * * * * *",,,,,"14 Commercial Road, Kingsgrove NSW 2208",,0,RWD
1359,13156,2001,BMW,320CI,E46 MY2001,Steptronic,Coupe,2,5,Silver,,5 Speed,Automatic,Petrol - Unleaded,,"$6,990.00 ",AOC72U,187783,6,2.2,WBABN12010JV88947,23959802226S1,6,"Air Conditioning, Airbag, Alloy Wheels, Anti-lock Braking System (ABS), CD Player, Central Locking, Climate Control, Cruise Control, Electronic Fuel Injection, Engine Immobiliser, Leather Trim, Power mirrors, Power Steering, Power windows, Radio, Sunroof, Traction control system","An excellent BMW coupe, sporty and very nice to drive. Has to be an absolute bargain at this very low price!  Mechanically A1 and NO issues, call or email us for more details, will not disappoint!!, Air Conditioning, Airbag, Alloy Wheels, Anti-lock Braking System (ABS), CD Player, Central Locking, Climate Control, Cruise Control, Electronic Fuel Injection, Engine Immobiliser, Leather Trim, Power mirrors, Power Steering, Power windows, Radio, Sunroof, Traction control system, * * * * * Located 10 minutes from CBD and Sydney Airport /// Inspection by appointment only /// We have 34 years industry experience /// T R A D E - I N S welcome /// Competitive F I N A N C E, W A R R A N T Y & Australia-Wide S H I P P I NG Available /// We take credit cards & eftpos /// Please call us! * * * * *",,,,,"14 Commercial Road, Kingsgrove NSW 2208",,0,RWD
1370,13156,2005,BMW,545i,E60,Steptronic,Sedan,4,5,Gold,,6 Speed,Automatic,Petrol - Premium ULP,,"$16,888.00 ",CTL48F,170202,8,4.4,WBANB32080B361430,52473272N62B44A,7,"Air Conditioning, Airbag, Alarm, Alloy Wheels, Anti-lock Braking System (ABS), CD Player, Central Locking, Climate Control, Cruise Control, Electric Front Seats, Electronic Fuel Injection, Engine Immobiliser, Leather Trim, Log books, Metallic paint, Phone Kit, Power mirrors, Power Steering, Power windows, Radio, Sunroof, Traction control system, Trip Computer","Please watch our video of this car by searching Youtube with this code: pqGZ3_R9MIA / / /   This car looks and drives like less than half its kilometers. 2 x keys, full service history. An extremely luxurious motor vehicle with plenty of features including Sat Nav, Electric Seats, Sunroof, Xenon headlights and much more. Please call to arrange an inspection.     Luxury motoring at a fraction of new car price! This V8 BMW has lots of power and is smooth and lovely to drive!  Come and see for yourself, will not disappoint AND please compare prices... be quick, selling with a current nsw roadworthy certificate - ready for rego!   FULL SERVICE HISTORY, Air Conditioning, Airbag, Alarm, Alloy Wheels, Anti-lock Braking System (ABS), CD Player, Central Locking, Climate Control, Cruise Control, Electric Front Seats, Electronic Fuel Injection, Engine Immobiliser, Leather Trim, Log books, Metallic paint, Phone Kit, Power mirrors, Power Steering, Power windows, Radio, Sunroof, Traction control system, Trip Computer, * * * * * Located 10 minutes from CBD and Sydney Airport /// Inspection by appointment only /// We have 34 years industry experience /// T R A D E - I N S welcome /// Competitive F I N A N C E, W A R R A N T Y & Australia-Wide S H I P P I NG Available /// We take credit cards & eftpos /// Please call us! * * * * *",,,,,"14 Commercial Road, Kingsgrove NSW 2208",,0,RWD
1546,13156,2010,BMW,535i,F07 MY10,Gran Turismo Steptronic,Hatchback,5,5,Blue,Cream,8 Speed,Automatic,Petrol - Unleaded,,"$54,888.00 ",CYN07C,56500,6,3,WBASN22070C193214,15317377,5,"Air Conditioning, Airbag, Alarm, Alloy Wheels, Anti-lock Braking System (ABS), CD Player, Central Locking, Climate Control, Cruise Control, Electric Front Seats, Electronic Fuel Injection, Engine Immobiliser, Leather Trim, Log books, Metallic paint, Phone Kit, Power mirrors, Power Steering, Power windows, Radio, Roof Racks, Speed Alert - Warning, Sunroof, Tinted Windows, Traction control system, Trip Computer, Turbo","https://www.youtube.com/watch?v=1rOGCHoUA7c    * FULL BMW SERVICE HISTORY * * 2 KEYS  * EXCELLENT EXAMPLE WITH LOW KMS    OPTIONED WITH INCREDIBLE FEATURES INCLUDING;  - SAT NAV  - BLUETOOTH  - ELECTRIC SEATS  - FOLDING MIRRORS  - PANORAMIC ROOF  - ANGEL EYES AND BI-XENON HEADLIGHTS  - HEADS UP DISPLAY  - 360 PARK ASSIST CAMERAS  - LANE DEPARTURE WARNING  ... AND MUCH MORE    A one owner vehicle driven by a female doctor., Air Conditioning, Airbag, Alarm, Alloy Wheels, Anti-lock Braking System (ABS), CD Player, Central Locking, Climate Control, Cruise Control, Electric Front Seats, Electronic Fuel Injection, Engine Immobiliser, Leather Trim, Log books, Metallic paint, Phone Kit, Power mirrors, Power Steering, Power windows, Radio, Roof Racks, Speed Alert - Warning, Sunroof, Tinted Windows, Traction control system, Trip Computer, Turbo, * * * * * Located 10 minutes from CBD and Sydney Airport /// Inspection by appointment only /// We have 34 years industry experience /// T R A D E - I N S welcome /// Competitive F I N A N C E, W A R R A N T Y & Australia-Wide S H I P P I NG Available /// We take credit cards & eftpos /// Please call us! * * * * *",,,,,"966 Elizabeth Street, Zetland NSW 2017",,0,RWD
1562,13156,2008,BMW,X6,E71,xDrive35i Coupe Steptronic,Wagon,4,4,Black,Black,6 Speed,Automatic,Petrol - Premium ULP,,"$49,888.00 ",00UUUU,102737,6,3,WBAFG42090LJ78513,07116827N54B30A,8,"Air Conditioning, Airbag, Alarm, Alloy Wheels, Anti-lock Braking System (ABS), CD Player, Central Locking, Climate Control, Cruise Control, Electric Front Seats, Electronic Fuel Injection, Engine Immobiliser, Leather Trim, Log books, Metallic paint, Phone Kit, Power mirrors, Power Steering, Power windows, Radio, Speed Alert - Warning, Sunroof, Tinted Windows, Traction control system, Trip Computer, Turbo","https://www.youtube.com/watch?v=DRWeMCGUT5E    * * * TWIN TURBO SPORT MODEL FULL OF EXTRAS ** * *   - FULL SERVICE HISTORY (RECENTLY SERVICED) + 2 KEYS  - HEADS UP DISPLAY, REVERSE CAMERA, POWER TAILGATE  - SAT NAV, TV, BLUETOOTH  - EXCELLENT TYRE TREAD    First to see will buy, this car is immaculate for its kilometers, Air Conditioning, Airbag, Alarm, Alloy Wheels, Anti-lock Braking System (ABS), CD Player, Central Locking, Climate Control, Cruise Control, Electric Front Seats, Electronic Fuel Injection, Engine Immobiliser, Leather Trim, Log books, Metallic paint, Phone Kit, Power mirrors, Power Steering, Power windows, Radio, Speed Alert - Warning, Sunroof, Tinted Windows, Traction control system, Trip Computer, Turbo, * * * * * Located 10 minutes from CBD and Sydney Airport /// Inspection by appointment only /// We have 34 years industry experience /// T R A D E - I N S welcome /// Competitive F I N A N C E, W A R R A N T Y & Australia-Wide S H I P P I NG Available /// We take credit cards & eftpos /// Please call us! * * * * *",,,,,"14 Commercial Road, Kingsgrove NSW 2208",,0,4WD
1566,13156,2005,BMW,645Ci,E63,Steptronic,Coupe,2,4,Maroon,,6 Speed,Automatic,Petrol - Premium ULP,,"$42,888.00 ",CWR67F,40125,8,4.4,WBAEH72050B536402,50453396,1,"Air Conditioning, Airbag, Alarm, Alloy Wheels, Anti-lock Braking System (ABS), CD Player, Central Locking, Climate Control, Cruise Control, Electric Front Seats, Electronic Fuel Injection, Engine Immobiliser, Leather Trim, Log books, Metallic paint, Phone Kit, Power mirrors, Power Steering, Power windows, Radio, Speed Alert - Warning, Sunroof, Tinted Windows, Traction control system, Trip Computer","A ONE OWNER CAR WITH VERY LOW KMS.  - 4 X KEYS & FULL BMW SERVICE HISTORY (JUST SERVICED AT40,000KM)  - FULL PANORAMIC ROOF  - PLENTY OF FEATURES LIKE FRONT AND REAR SENSORS, SAT NAV, TV, PHONE CONNECTIVITY.  - NO ACCIDENT/REPAIRS      *** Drives like new, with incredible V8 power and in supreme luxury., Air Conditioning, Airbag, Alarm, Alloy Wheels, Anti-lock Braking System (ABS), CD Player, Central Locking, Climate Control, Cruise Control, Electric Front Seats, Electronic Fuel Injection, Engine Immobiliser, Leather Trim, Log books, Metallic paint, Phone Kit, Power mirrors, Power Steering, Power windows, Radio, Speed Alert - Warning, Sunroof, Tinted Windows, Traction control system, Trip Computer, * * * * * Located 10 minutes from CBD and Sydney Airport /// Inspection by appointment only /// We have 34 years industry experience /// T R A D E - I N S welcome /// Competitive F I N A N C E, W A R R A N T Y & Australia-Wide S H I P P I NG Available /// We take credit cards & eftpos /// Please call us! * * * * *",,,,,"14 Commercial Road, Kingsgrove NSW 2208",,0,RWD
1567,13156,2007,BMW,X5,E70,Steptronic,Wagon,5,5,Grey,,6 Speed,Automatic,Petrol - Premium ULP,,"$33,888.00 ",CHV20Z,87817,8,4.8,WBAFE82090LC96500,52863961N62B48B,3,"Air Conditioning, Airbag, Alarm, Alloy Wheels, Anti-lock Braking System (ABS), CD Player, Central Locking, Climate Control, Cruise Control, Electric Front Seats, Electronic Fuel Injection, Engine Immobiliser, Leather Trim, Log books, Metallic paint, Phone Kit, Power mirrors, Power Steering, Power windows, Radio, Speed Alert - Warning, Sunroof, Tinted Windows, Tow Bar, Traction control system, Trip Computer","https://www.youtube.com/watch?v=w-6PY0T4ETk    * * * V8 SPORT MODEL WITH PLENTY OF OPTIONS * * *   - FULL BMW SERVICE HISTORY (SERVICED AT 87,000KMS!)  - FACTORY FITTED REAR ENTERTAINMENT  - HEADS UP DISPLAY, FULLY ELECTRIC SEATS WITH MEMORY  - REVERSE CAMERA + FRONT/ REAR SENSORS  - ANGEL EYES WITH BI-XENONS  - PANORAMIC SUNROOF  Genuine low kilometers and a very nice car! Come see for yourself, Air Conditioning, Airbag, Alarm, Alloy Wheels, Anti-lock Braking System (ABS), CD Player, Central Locking, Climate Control, Cruise Control, Electric Front Seats, Electronic Fuel Injection, Engine Immobiliser, Leather Trim, Log books, Metallic paint, Phone Kit, Power mirrors, Power Steering, Power windows, Radio, Speed Alert - Warning, Sunroof, Tinted Windows, Tow Bar, Traction control system, Trip Computer, * * * * * Located 10 minutes from CBD and Sydney Airport /// Inspection by appointment only /// We have 34 years industry experience /// T R A D E - I N S welcome /// Competitive F I N A N C E, W A R R A N T Y & Australia-Wide S H I P P I NG Available /// We take credit cards & eftpos /// Please call us! * * * * *",,,,,"966 Elizabeth Street, Zetland NSW 2017",,0,4WD
1586,13156,2008,BMW,320D,E90 MY08,Executive Steptronic,Sedan,4,5,Grey,,6 Speed,Automatic,Diesel,,"$23,500.00 ",BGE64Y,76979,4,2,WBAVG96070NL97817,82906801N47D20A,4,"Air Conditioning, Airbag, Alarm, Alloy Wheels, Anti-lock Braking System (ABS), CD Player, Central Locking, Climate Control, Cruise Control, Electric Front Seats, Electronic Fuel Injection, Engine Immobiliser, Leather Trim, Log books, Metallic paint, Phone Kit, Power mirrors, Power Steering, Power windows, Radio, Speed Alert - Warning, Sunroof, Tinted Windows, Traction control system, Trip Computer, Turbo","https://www.youtube.com/watch?v=yDpwC0WtQHg    * * * M SPORT * * * FULL SERVICE HISTORY * 2 X KEYS * FLAWLESS CONDITION * SUNROOF * BLUETOOTH * TWO-TONE LEATHER * CALL FOR MORE INFO!, Air Conditioning, Airbag, Alarm, Alloy Wheels, Anti-lock Braking System (ABS), CD Player, Central Locking, Climate Control, Cruise Control, Electric Front Seats, Electronic Fuel Injection, Engine Immobiliser, Leather Trim, Log books, Metallic paint, Phone Kit, Power mirrors, Power Steering, Power windows, Radio, Speed Alert - Warning, Sunroof, Tinted Windows, Traction control system, Trip Computer, Turbo, * * * * * Located 10 minutes from CBD and Sydney Airport /// Inspection by appointment only /// We have 34 years industry experience /// T R A D E - I N S welcome /// Competitive F I N A N C E, W A R R A N T Y & Australia-Wide S H I P P I NG Available /// We take credit cards & eftpos /// Please call us! * * * * *",,,,,"14 Commercial Road, Kingsgrove NSW 2208",,0,RWD
1590,13156,2008,BMW,135I,E88,Steptronic,Convertible,2,4,Grey,Beige,6 Speed,Automatic,Petrol - Premium ULP,,"$32,888.00 ",BGK84M,102259,6,3,WBAUN92020VG74674,09806820N54B30A,7,"Air Conditioning, Airbag, Alarm, Alloy Wheels, Anti-lock Braking System (ABS), CD Player, Central Locking, Climate Control, Cruise Control, Electric Front Seats, Electronic Fuel Injection, Engine Immobiliser, Leather Trim, Log books, Metallic paint, Phone Kit, Power mirrors, Power Steering, Power windows, Radio, Speed Alert - Warning, Tinted Windows, Traction control system, Trip Computer, Turbo","https://www.youtube.com/watch?v=s0vqdP5dX5Q    * * * M SPORT * * * ONE OWNER SINCE NEW * * FULL BMW SERVICE HISTORY, JUST SERVICED * 2 X KEYS * BLUETOOTH * DRIVES SUPERB, Air Conditioning, Airbag, Alarm, Alloy Wheels, Anti-lock Braking System (ABS), CD Player, Central Locking, Climate Control, Cruise Control, Electric Front Seats, Electronic Fuel Injection, Engine Immobiliser, Leather Trim, Log books, Metallic paint, Phone Kit, Power mirrors, Power Steering, Power windows, Radio, Speed Alert - Warning, Tinted Windows, Traction control system, Trip Computer, Turbo, * * * * * Located 10 minutes from CBD and Sydney Airport /// Inspection by appointment only /// We have 34 years industry experience /// T R A D E - I N S welcome /// Competitive F I N A N C E, W A R R A N T Y & Australia-Wide S H I P P I NG Available /// We take credit cards & eftpos /// Please call us! * * * * *",,,,,"966 Elizabeth Street, Zetland NSW 2017",,0,RWD
1594,13156,2011,BMW,X1,E84 MY11.5,xDrive23d Steptronic,Wagon,5,5,White,Black,6 Speed,Automatic,Diesel,,"$35,000.00 ",CXE73L,58046,4,2,WBAVP52060VP20530,93017708,2,"Air Conditioning, Airbag, Alarm, Alloy Wheels, Anti-lock Braking System (ABS), CD Player, Central Locking, Climate Control, Cruise Control, Electronic Fuel Injection, Engine Immobiliser, Leather Trim, Log books, Metallic paint, Phone Kit, Power mirrors, Power Steering, Power windows, Radio, Speed Alert - Warning, Sunroof, Tinted Windows, Traction control system, Trip Computer, Turbo","https://www.youtube.com/watch?v=Q0L7BmHFED0  NOT NEGOTIABLE - HASSLE FREE PRICING!    * * TWIN-TURBO XDRIVE (AWD) DIESEL * * *   - FULL BMW SERVICE HISTORY & 2 KEYS  - OPTIONED WITH HEATED SEATS, PANORAMIC SUNROOF, GPS NAVIGATION, BMW PROFESSIONAL SOUND, BLUETOOTH  - NOT A MARK OR BLEMISH, THE CAR IS AS NEW., Air Conditioning, Airbag, Alarm, Alloy Wheels, Anti-lock Braking System (ABS), CD Player, Central Locking, Climate Control, Cruise Control, Electronic Fuel Injection, Engine Immobiliser, Leather Trim, Log books, Metallic paint, Phone Kit, Power mirrors, Power Steering, Power windows, Radio, Speed Alert - Warning, Sunroof, Tinted Windows, Traction control system, Trip Computer, Turbo, * * * * * Located 10 minutes from CBD and Sydney Airport /// Inspection by appointment only /// We have 34 years industry experience /// T R A D E - I N S welcome /// Competitive F I N A N C E, W A R R A N T Y & Australia-Wide S H I P P I NG Available /// We take credit cards & eftpos /// Please call us! * * * * *",,,,,"14 Commercial Road, Kingsgrove NSW 2208",,0,4WD
1602,13156,2008,BMW,325I,E93 MY08,Steptronic,Convertible,2,4,Silver,Black,6 Speed,Automatic,Petrol - Premium ULP,,"$34,888.00 ",CXU29D,80118,6,2.5,WBAWL12070PD76044,79324275N52B25AF,4,"Air Conditioning, Airbag, Alarm, Alloy Wheels, Anti-lock Braking System (ABS), CD Player, Central Locking, Climate Control, Cruise Control, Electric Front Seats, Electronic Fuel Injection, Engine Immobiliser, Leather Trim, Log books, Metallic paint, Phone Kit, Power mirrors, Power Steering, Power windows, Radio, Speed Alert - Warning, Tinted Windows, Traction control system, Trip Computer","* ONE OWNER * * M SPORT CONVERTIBLE * * FULL SERVICE HISTORY * 2 KEYS * IMMACULATE CONDITION * GPS NAVIGATION, BLUETOOTH, BLACK LEATHER, ELECTRIC SEATS, PREMIUM SOUND., Air Conditioning, Airbag, Alarm, Alloy Wheels, Anti-lock Braking System (ABS), CD Player, Central Locking, Climate Control, Cruise Control, Electric Front Seats, Electronic Fuel Injection, Engine Immobiliser, Leather Trim, Log books, Metallic paint, Phone Kit, Power mirrors, Power Steering, Power windows, Radio, Speed Alert - Warning, Tinted Windows, Traction control system, Trip Computer, * * * * * Located 10 minutes from CBD and Sydney Airport /// Inspection by appointment only /// We have 34 years industry experience /// T R A D E - I N S welcome /// Competitive F I N A N C E, W A R R A N T Y & Australia-Wide S H I P P I NG Available /// We take credit cards & eftpos /// Please call us! * * * * *",,,,,"14 Commercial Road, Kingsgrove NSW 2208",,0,RWD
1622,13156,2008,BMW,335i,E93 MY08,Steptronic,Convertible,2,4,Beige,,6 Speed,Automatic,Petrol - Premium ULP,,"$43,888.00 ",NXQ07Z,41380,6,3,WBAWL72040JZ97695,07916913N54B30AA,7,"Air Conditioning, Airbag, Alarm, Alloy Wheels, Anti-lock Braking System (ABS), CD Player, Central Locking, Climate Control, Cruise Control, Electric Front Seats, Electronic Fuel Injection, Engine Immobiliser, Leather Trim, Log books, Metallic paint, Power mirrors, Power Steering, Power windows, Radio, Speed Alert - Warning, Tinted Windows, Traction control system, Trip Computer, Turbo","* * * VERY LOW KMS * IMMACULATE CONDITION INSIDE AND OUT * 19`` ALLOYS WITH 80% TYRE TREAD * CREAM LEATHER * SAT NAV, BLUETOOTH * FULL SERVICE HISTORY, JUST SERVICED * BI-XENONS, Air Conditioning, Airbag, Alarm, Alloy Wheels, Anti-lock Braking System (ABS), CD Player, Central Locking, Climate Control, Cruise Control, Electric Front Seats, Electronic Fuel Injection, Engine Immobiliser, Leather Trim, Log books, Metallic paint, Power mirrors, Power Steering, Power windows, Radio, Speed Alert - Warning, Tinted Windows, Traction control system, Trip Computer, Turbo, * * * * * Located 10 minutes from CBD and Sydney Airport /// Inspection by appointment only /// We have 34 years industry experience /// T R A D E - I N S welcome /// Competitive F I N A N C E, W A R R A N T Y & Australia-Wide S H I P P I NG Available /// We take credit cards & eftpos /// Please call us! * * * * *",,,,,"966 Elizabeth Street, Zetland NSW 2017",,0,RWD
1636,13156,2005,BMW,X5,E53 MY05,d Steptronic,Wagon,5,5,Brown,,6 Speed,Automatic,Diesel,,"$14,888.00 ",CWB68F,267327,6,3,WBAFB72090LX21794,26836003,8,"Air Conditioning, Airbag, Alarm, Alloy Wheels, Anti-lock Braking System (ABS), CD Player, Central Locking, Climate Control, Cruise Control, Electric Front Seats, Electronic Fuel Injection, Engine Immobiliser, Leather Trim, Log books, Metallic paint, Phone Kit, Power mirrors, Power Steering, Power windows, Radio, Speed Alert - Warning, Sunroof, Tinted Windows, Tow Bar, Traction control system, Trip Computer, Turbo","* * SPORT MODEL * ONE OWNER, FULL BMW SERVICE HISTORY EVERY 10,000KM * IMMACULATE EXAMPLE - YOU WILL NOT FIND A BETTER CAR FOR THE KMS * * 2 X KEYS * FULLY OPTIONED - GPS SAT NAV, PANORAMIC SUNROOF, ELECTRIC SEATS W/ MEMORY, TELEVISION, BLACK LEATHER * FLAWLESS EXAMPLE., Air Conditioning, Airbag, Alarm, Alloy Wheels, Anti-lock Braking System (ABS), CD Player, Central Locking, Climate Control, Cruise Control, Electric Front Seats, Electronic Fuel Injection, Engine Immobiliser, Leather Trim, Log books, Metallic paint, Phone Kit, Power mirrors, Power Steering, Power windows, Radio, Speed Alert - Warning, Sunroof, Tinted Windows, Tow Bar, Traction control system, Trip Computer, Turbo, * * * * * Located 10 minutes from CBD and Sydney Airport /// Inspection by appointment only /// We have 34 years industry experience /// T R A D E - I N S welcome /// Competitive F I N A N C E, W A R R A N T Y & Australia-Wide S H I P P I NG Available /// We take credit cards & eftpos /// Please call us! * * * * *",,,,,"697 Parramatta Road, Leichhardt NSW 2040",,0,4WD
1640,13156,2012,BMW,330D,E92 MY0911,Steptronic,Coupe,2,4,Silver,,6 Speed,Automatic,Diesel,,"$64,888.00 ",CGV20B,25742,6,3,WBAKK72070E739763,35097906,8,"Air Conditioning, Airbag, Alarm, Alloy Wheels, Anti-lock Braking System (ABS), CD Player, Central Locking, Climate Control, Cruise Control, Electric Front Seats, Electronic Fuel Injection, Engine Immobiliser, Leather Trim, Log books, Metallic paint, Phone Kit, Power mirrors, Power Steering, Power windows, Radio, Speed Alert - Warning, Sunroof, Tinted Windows, Traction control system, Trip Computer, Turbo","* * FLAWLESS M SPORT 330D * VERY LOW KMS * FULL BMW SERVICE HISTORY * 2 KEYS * DRIVES SUPERB * NOT A MARK OR BLEMISH, Air Conditioning, Airbag, Alarm, Alloy Wheels, Anti-lock Braking System (ABS), CD Player, Central Locking, Climate Control, Cruise Control, Electric Front Seats, Electronic Fuel Injection, Engine Immobiliser, Leather Trim, Log books, Metallic paint, Phone Kit, Power mirrors, Power Steering, Power windows, Radio, Speed Alert - Warning, Sunroof, Tinted Windows, Traction control system, Trip Computer, Turbo, * * * * * Located 10 minutes from CBD and Sydney Airport /// Inspection by appointment only /// We have 34 years industry experience /// T R A D E - I N S welcome /// Competitive F I N A N C E, W A R R A N T Y & Australia-Wide S H I P P I NG Available /// We take credit cards & eftpos /// Please call us! * * * * *",,,,,"966 Elizabeth Street, Zetland NSW 2017",,0,RWD
1641,13156,2007,BMW,X5,E70,si Steptronic,Wagon,5,5,Grey,,6 Speed,Automatic,Petrol - Premium ULP,,"$36,888.00 ",BDO44D,74127,6,3,WBAFE42000LK92115,3046543,8,"Air Conditioning, Airbag, Alloy Wheels, Anti-lock Braking System (ABS), CD Player, Central Locking, Climate Control, Cruise Control, Electric Front Seats, Electronic Fuel Injection, Engine Immobiliser, Leather Trim, Log books, Metallic paint, Power mirrors, Power Steering, Power windows, Speed Alert - Warning, Sunroof, Tinted Windows, Traction control system, Trip Computer, Turbo","* 7 SEATER * SAT NAV * PANORAMIC SUNROOF * DRIVES SUPERB * LOW KMS * FULL SERVICE HISTORY * 2 KEYS * LOVELY EXAMPLE, Air Conditioning, Airbag, Alloy Wheels, Anti-lock Braking System (ABS), CD Player, Central Locking, Climate Control, Cruise Control, Electric Front Seats, Electronic Fuel Injection, Engine Immobiliser, Leather Trim, Log books, Metallic paint, Power mirrors, Power Steering, Power windows, Speed Alert - Warning, Sunroof, Tinted Windows, Traction control system, Trip Computer, Turbo, * * * * * Located 10 minutes from CBD and Sydney Airport /// Inspection by appointment only /// We have 34 years industry experience /// T R A D E - I N S welcome /// Competitive F I N A N C E, W A R R A N T Y & Australia-Wide S H I P P I NG Available /// We take credit cards & eftpos /// Please call us! * * * * *",,,,,"966 Elizabeth Street, Zetland NSW 2017",,0,4WD
1642,13156,2008,BMW,120I,E88,,Convertible,2,4,Blue,,6 Speed,Automatic,Petrol - Premium ULP,,"$20,888.00 ",CSD43K,139477,4,2,WBAUL52010VE84041,A3601114,5,"Air Conditioning, Airbag, Alloy Wheels, Anti-lock Braking System (ABS), CD Player, Central Locking, Climate Control, Cruise Control, Power Steering, Power windows","Air Conditioning, Airbag, Alloy Wheels, Anti-lock Braking System (ABS), CD Player, Central Locking, Climate Control, Cruise Control, Power Steering, Power windows, * * * * * Located 10 minutes from CBD and Sydney Airport /// Inspection by appointment only /// We have 34 years industry experience /// T R A D E - I N S welcome /// Competitive F I N A N C E, W A R R A N T Y & Australia-Wide S H I P P I NG Available /// We take credit cards & eftpos /// Please call us! * * * * *",,,,,"966 Elizabeth Street, Zetland NSW 2017",,0,RWD
1643,13156,1999,BMW,323CI,E46,,Coupe,2,5,Green,,5 Speed,Automatic,Petrol - Unleaded,,"$5,990.00 ",SRB015,199802,6,2.5,WBABM32060EE91205,24229161,5,"Airbag, Alloy Wheels, Anti-lock Braking System (ABS), CD Player, Central Locking, Climate Control, Cruise Control, Power mirrors, Power Steering, Power windows","Airbag, Alloy Wheels, Anti-lock Braking System (ABS), CD Player, Central Locking, Climate Control, Cruise Control, Power mirrors, Power Steering, Power windows, * * * * * Located 10 minutes from CBD and Sydney Airport /// Inspection by appointment only /// We have 34 years industry experience /// T R A D E - I N S welcome /// Competitive F I N A N C E, W A R R A N T Y & Australia-Wide S H I P P I NG Available /// We take credit cards & eftpos /// Please call us! * * * * *",,,,,"966 Elizabeth Street, Zetland NSW 2017",,0,RWD
1647,13156,2005,BMW,325I,E90,Steptronic,Sedan,4,5,Grey,,6 Speed,Automatic,Petrol - Unleaded,,"$16,888.00 ",CYM77F,112280,6,2.5,WBAVB16010NB24214,00965925N52B25AF,5,"Air Conditioning, Airbag, Alloy Wheels, Anti-lock Braking System (ABS), CD Player, Central Locking, Climate Control, Cruise Control, Power mirrors, Power Steering, Power windows, Traction control system","Air Conditioning, Airbag, Alloy Wheels, Anti-lock Braking System (ABS), CD Player, Central Locking, Climate Control, Cruise Control, Power mirrors, Power Steering, Power windows, Traction control system, * * * * * Located 10 minutes from CBD and Sydney Airport /// Inspection by appointment only /// We have 34 years industry experience /// T R A D E - I N S welcome /// Competitive F I N A N C E, W A R R A N T Y & Australia-Wide S H I P P I NG Available /// We take credit cards & eftpos /// Please call us! * * * * *",,,,,"966 Elizabeth Street, Zetland NSW 2017",,0,RWD
1644,13157,2012,Fiat,500,150 MY12,Dualogic,Hatchback,3,4,Black,,5 Speed,Auto Sportshift,Petrol - Premium ULP,,"$12,888.00 ",BSD52J,29598,2,0.9,ZFA31200000780863,52112,5,"Air Conditioning, Airbag, Alarm, Alloy Wheels, Anti-lock Braking System (ABS), CD Player, Central Locking, Climate Control, Electronic Fuel Injection, Engine Immobiliser, Leather Trim, Log books, Metallic paint, Power mirrors, Power Steering, Power windows, Radio, Speed Alert - Warning, Tinted Windows, Traction control system, Trip Computer, Turbo","* * LOVELY EXAMPLE * 2 X KEYS * DRIVES FLAWLESSLY * EXCELLENT CONDITION * AUTOMATIC!, Air Conditioning, Airbag, Alarm, Alloy Wheels, Anti-lock Braking System (ABS), CD Player, Central Locking, Climate Control, Electronic Fuel Injection, Engine Immobiliser, Leather Trim, Log books, Metallic paint, Power mirrors, Power Steering, Power windows, Radio, Speed Alert - Warning, Tinted Windows, Traction control system, Trip Computer, Turbo, * * * * * Located 10 minutes from CBD and Sydney Airport /// Inspection by appointment only /// We have 34 years industry experience /// T R A D E - I N S welcome /// Competitive F I N A N C E, W A R R A N T Y & Australia-Wide S H I P P I NG Available /// We take credit cards & eftpos /// Please call us! * * * * *",,,,,"966 Elizabeth Street, Zetland NSW 2017",,0,FWD
1150,13157,2005,Ford,Falcon,BF,XT,Wagon,5,5,White,,4 Speed,Automatic,Petrol - Unleaded,,"$4,990.00 ",AH69XG,209388,6,4,6FPAAAJGWA5D42704,JGWA5D42704,11,"Air Conditioning, Airbag, Anti-lock Braking System (ABS), CD Player, Central Locking, Cloth Trim, Cruise Control, Electronic Fuel Injection, Engine Immobiliser, Power mirrors, Power Steering, Power windows, Radio, Traction control system, Trip Computer","Lovely wagon which looks and drives like less than half the kilometers, comes with a victorian RWC, can sell with NSW RWC also. Good tyres all around, call to arrange an inspection/test drive!, Air Conditioning, Airbag, Anti-lock Braking System (ABS), CD Player, Central Locking, Cloth Trim, Cruise Control, Electronic Fuel Injection, Engine Immobiliser, Power mirrors, Power Steering, Power windows, Radio, Traction control system, Trip Computer, * * * * * Located 10 minutes from CBD and Sydney Airport /// Inspection by appointment only /// We have 34 years industry experience /// T R A D E - I N S welcome /// Competitive F I N A N C E, W A R R A N T Y & Australia-Wide S H I P P I NG Available /// We take credit cards & eftpos /// Please call us! * * * * *",,,,,"14 Commercial Road, Kingsgrove NSW 2208",,0,RWD
1368,13157,2006,Ford,Falcon,BF,XT,Sedan,4,5,Gold,,4 Speed,Auto Seq Sportshift,Petrol - Unleaded,,"$5,990.00 ",AN14MJ,139000,6,4,6FPAAAJGSW6U97585,JGSW6U97585,6,"Air Conditioning, Alarm, Anti-Lock Braking, Central Locking Remote Control, Cloth Trim, Cruise Control, Dual Airbag Package, Electronic Fuel Injection, Engine Immobiliser, Power Front Seat Driver, Power Mirrors, Power Steering, Power windows, Power Windows Front, Radio, Radio CD with 4 Speakers, Seatbelts - Pre-Tensioners Front Seats, Traction Control System, Trip Computer","Very low kms for age, lovely in the body and trim, come for a test drive - registration until January 2015. Price range auto!, Air Conditioning, Airbag, Alarm, Anti-lock Braking System (ABS), CD Player, Central Locking, Cloth Trim, Cruise Control, Electronic Fuel Injection, Power mirrors, Power Steering, Power windows, Radio, Traction control system, * * * * * Located 10 minutes from CBD and Sydney Airport /// Inspection by appointment only /// We have 34 years industry experience /// T R A D E - I N S welcome /// Competitive F I N A N C E, W A R R A N T Y & Australia-Wide S H I P P I NG Available /// We take credit cards & eftpos /// Please call us! * * * * *",,,,,"14 Commercial Road, Kingsgrove NSW 2208",,0,RWD
1510,13157,2004,Ford,Territory,SX,Ghia AWD,Wagon,5,5,Silver,,4 Speed,Automatic,Petrol - Unleaded,,"$6,888.00 ",BZ99PP,168269,6,4,6FPAAAJGAT4E48934,JGAT4E48934,8,"Air Conditioning, Airbag, Alloy Wheels, Anti-lock Braking System (ABS), CD Player, Central Locking, Climate Control, Cruise Control, Electric Front Seats, Electronic Fuel Injection, Engine Immobiliser, Leather Trim, Log books, Metallic paint, Power mirrors, Power Steering, Power windows, Radio, Tinted Windows, Tow Bar, Traction control system, Trip Computer","* * 7 SEATER * AWD * GHIA * GOOD CAR FOR AGE AND KMS * NO ACCIDENTS * MECHANICALLY EXCELLENT, Air Conditioning, Airbag, Alloy Wheels, Anti-lock Braking System (ABS), CD Player, Central Locking, Climate Control, Cruise Control, Electric Front Seats, Electronic Fuel Injection, Engine Immobiliser, Leather Trim, Log books, Metallic paint, Power mirrors, Power Steering, Power windows, Radio, Tinted Windows, Tow Bar, Traction control system, Trip Computer, * * * * * Located 10 minutes from CBD and Sydney Airport /// Inspection by appointment only /// We have 34 years industry experience /// T R A D E - I N S welcome /// Competitive F I N A N C E, W A R R A N T Y & Australia-Wide S H I P P I NG Available /// We take credit cards & eftpos /// Please call us! * * * * *",,,,,"14 Commercial Road, Kingsgrove NSW 2208",,0,4WD
1516,13157,2010,Great Wall,X240,CC6460KY,(4x4),Wagon,5,5,Maroon,,5 Speed,Manual,Petrol - Premium ULP,,"$6,888.00 ",CB58EJ,73000,4,2.4,LGWFF3A55AB621638,4G6954NSHK1408,7,"17 Inch Alloy Wheels, Air Conditioning, Anti-Lock Braking, Central Locking, Climate Control, Cruise Control, Dual Airbag Package, Electric Front Seats, Electronic Brake Force Distribution, Electronic Fuel Injection, Engine Immobiliser, Leather Trim, Leather Upholstery, Log books, Parking Distance Control, Power Front Seat Driver, Power mirrors, Power Steering, Power Windows, Radio, Radio CD with 8 Speakers, Roof Racks, Sunroof, Tinted Windows, Tow Bar, Trip Computer","https://www.youtube.com/watch?v=1Ulju2_xbao    * * ONE OWNER * LUXURY WITH LEATHER, ELECTRIC SEAT, SUNROOF * GOOD TYRES * PLEASURE TO DRIVE * 4WD *GOOD SERVICE HISTORY, Air Conditioning, Airbag, Alloy Wheels, Anti-lock Braking System (ABS), CD Player, Central Locking, Climate Control, Cruise Control, Electric Front Seats, Electronic Fuel Injection, Engine Immobiliser, Leather Trim, Log books, Power mirrors, Power Steering, Power windows, Radio, Roof Racks, Sunroof, Tinted Windows, Tow Bar, Trip Computer, * * * * * Located 10 minutes from CBD and Sydney Airport /// Inspection by appointment only /// We have 34 years industry experience /// T R A D E - I N S welcome /// Competitive F I N A N C E, W A R R A N T Y & Australia-Wide S H I P P I NG Available /// We take credit cards & eftpos /// Please call us! * * * * *",,,,,"966 Elizabeth Street, Zetland NSW 2017",,0,4WD
1578,13157,2009,Holden,Captiva,CG MY09.5,CX,Wagon,5,7,Grey,,5 Speed,Automatic,Petrol - Unleaded,,"$14,999.00 ",BNB61J,59898,6,3.2,KL3CD26GJAB007978,10HMCH090700336,10,"Air Conditioning, Airbag, Alloy Wheels, Anti-lock Braking System (ABS), CD Player, Central Locking, Climate Control, Cruise Control, Power mirrors, Power Steering, Power windows, Traction control system","Air Conditioning, Airbag, Alloy Wheels, Anti-lock Braking System (ABS), CD Player, Central Locking, Climate Control, Cruise Control, Power mirrors, Power Steering, Power windows, Traction control system, * * * * * Located 10 minutes from CBD and Sydney Airport /// Inspection by appointment only /// We have 34 years industry experience /// T R A D E - I N S welcome /// Competitive F I N A N C E, W A R R A N T Y & Australia-Wide S H I P P I NG Available /// We take credit cards & eftpos /// Please call us! * * * * *",,,,,"14 Commercial Road, Kingsgrove NSW 2208",,0,4WD
1639,13157,2011,Holden,Cruze,JG,CDX,Sedan,4,5,Black,,5 Speed,Manual,Petrol - Unleaded,,"$14,500.00 ",CVW91Y,22238,4,1.8,KL3JF695JAK767006,F18D4126604KA,11,"Air Conditioning, Airbag, Alloy Wheels, Anti-lock Braking System (ABS), CD Player, Central Locking, Cruise Control, Power mirrors, Power Steering, Power windows, Traction control system","Air Conditioning, Airbag, Alloy Wheels, Anti-lock Braking System (ABS), CD Player, Central Locking, Cruise Control, Power mirrors, Power Steering, Power windows, Traction control system, * * * * * Located 10 minutes from CBD and Sydney Airport /// Inspection by appointment only /// We have 34 years industry experience /// T R A D E - I N S welcome /// Competitive F I N A N C E, W A R R A N T Y & Australia-Wide S H I P P I NG Available /// We take credit cards & eftpos /// Please call us! * * * * *",,,,,"966 Elizabeth Street, Zetland NSW 2017",,0,FWD
1075,13157,1998,Honda,Accord,,VTI,Sedan,4,5,Silver,,4 Speed,Automatic,Petrol - Unleaded,,"$4,888.00 ",CD10PC,147502,4,2.3,1HGCG5640WA603396,F23A11081906,6,"Air Conditioning, Alloy Wheels, Anti-Lock Braking, Central Locking, Cloth Trim, Cruise Control, Dual Airbag Package, Electronic Fuel Injection, Engine Immobiliser, Leather Trim, Log books, Metallic Paint, Power Mirrors, Power Steering, Power Windows, Radio, Radio Cassette with 4 Speakers","https://www.youtube.com/watch?v=mzTBbjpFmsc    VERY SMOOTH TO DRIVE * * LOW KMS FOR AGE * * GOOD TYRE TREAD * * MECHANICALLY EXCELLENT * * GOOD SERVICE HISTORY * 6 MONTHS REGO!    SELLING WITH CURRENT NSW BLUE SLIP CERTIFICATE, Air Conditioning, Airbag, Alloy Wheels, Anti-lock Braking System (ABS), Central Locking, Cloth Trim, Cruise Control, Electronic Fuel Injection, Engine Immobiliser, Leather Trim, Log books, Power mirrors, Power Steering, Power windows, Radio, * * * * * Located 10 minutes from CBD and Sydney Airport /// Inspection by appointment only /// We have 34 years industry experience /// T R A D E - I N S welcome /// Competitive F I N A N C E, W A R R A N T Y & Australia-Wide S H I P P I NG Available /// We take credit cards & eftpos /// Please call us! * * * * *",,,,,"966 Elizabeth Street, Zetland NSW 2017",,0,FWD
1629,13157,2011,Hyundai,i30,FD MY11,SLX,Hatchback,5,5,White,,4 Speed,Automatic,Diesel,,"$12,888.00 ",BM71DL,93547,4,1.6,KMHDC51SMBU351996,D4FBBU973724,7,"Air Conditioning, Airbag, Alarm, Alloy Wheels, Anti-lock Braking System (ABS), CD Player, Cloth Trim, Cruise Control, Electronic Fuel Injection, Engine Immobiliser, Metallic paint, Phone Kit, Power mirrors, Power Steering, Power windows, Radio, Speed Alert - Warning, Tinted Windows, Traction control system, Trip Computer, Turbo","* * LOVELY CAR * FULL SERVICE HISTORY * BLUETOOTH * MECHANICALLY EXCELLENT * ECONOMICAL!, Air Conditioning, Airbag, Alarm, Alloy Wheels, Anti-lock Braking System (ABS), CD Player, Cloth Trim, Cruise Control, Electronic Fuel Injection, Engine Immobiliser, Metallic paint, Phone Kit, Power mirrors, Power Steering, Power windows, Radio, Speed Alert - Warning, Tinted Windows, Traction control system, Trip Computer, Turbo, * * * * * Located 10 minutes from CBD and Sydney Airport /// Inspection by appointment only /// We have 34 years industry experience /// T R A D E - I N S welcome /// Competitive F I N A N C E, W A R R A N T Y & Australia-Wide S H I P P I NG Available /// We take credit cards & eftpos /// Please call us! * * * * *",,,,,"966 Elizabeth Street, Zetland NSW 2017",,0,FWD
1616,13157,2000,Jaguar,S-Type,X200,,Sedan,4,5,Silver,,5 Speed,Automatic,Petrol - Premium ULP,,"$6,888.00 ",CYK97J,137306,6,3,SAJAC02E2YFL72728,72783360,10,"Airbag, Alloy Wheels, Anti-lock Braking System (ABS), Central Locking, Climate Control, Cruise Control, Power mirrors, Power Steering, Power windows, Traction control system","* * GOOD CAR FOR AGE AND KILOMETERS * DRIVES SUPERB * MECHANICALLY EXCELELNT * FEW COSMETIC THINGS NOTHING TO WORRY ABOUT * COME TEST DRIVE!, Airbag, Alloy Wheels, Anti-lock Braking System (ABS), Central Locking, Climate Control, Cruise Control, Power mirrors, Power Steering, Power windows, Traction control system, * * * * * Located 10 minutes from CBD and Sydney Airport /// Inspection by appointment only /// We have 34 years industry experience /// T R A D E - I N S welcome /// Competitive F I N A N C E, W A R R A N T Y & Australia-Wide S H I P P I NG Available /// We take credit cards & eftpos /// Please call us! * * * * *",,,,,"966 Elizabeth Street, Zetland NSW 2017",,0,RWD
1649,13157,2006,Jaguar,X-Type,X400 MY06,LE,Sedan,4,5,Silver,,5 Speed,Automatic,Petrol - Premium ULP,,"$10,888.00 ",BZN47W,139885,6,2.1,SAJAG51S06YJ02651,542863427YB,6,"Air Conditioning, Airbag, Alarm, Alloy Wheels, Anti-lock Braking System (ABS), CD Player, Central Locking, Climate Control, Cruise Control, Power mirrors, Power Steering, Power windows, Traction control system","Air Conditioning, Airbag, Alarm, Alloy Wheels, Anti-lock Braking System (ABS), CD Player, Central Locking, Climate Control, Cruise Control, Power mirrors, Power Steering, Power windows, Traction control system, * * * * * Located 10 minutes from CBD and Sydney Airport /// Inspection by appointment only /// We have 34 years industry experience /// T R A D E - I N S welcome /// Competitive F I N A N C E, W A R R A N T Y & Australia-Wide S H I P P I NG Available /// We take credit cards & eftpos /// Please call us! * * * * *",,,,,"966 Elizabeth Street, Zetland NSW 2017",,0,FWD
1373,13157,2003,Jeep,Grand Cherokee,WG MY2004,Laredo,Wagon,5,5,Silver,,5 Speed,Automatic,Petrol - Unleaded,,"$6,990.00 ",COV03V,185690,8,4.7,1J8G848N63Y500970,3Y500970,2,"Air Conditioning, Airbag, Alloy Wheels, Anti-lock Braking System (ABS), Bullbar, CD Player, Central Locking, Cloth Trim, Cruise Control, Electronic Fuel Injection, Engine Immobiliser, Log books, Power mirrors, Power Steering, Power windows, Radio","- LOOKS AND DRIVES SUPERB  - OVERALL CONDITION REPORT 9/10  - AFTERMARKET BULLBAR, Air Conditioning, Airbag, Alloy Wheels, Anti-lock Braking System (ABS), Bullbar, CD Player, Central Locking, Cloth Trim, Cruise Control, Electronic Fuel Injection, Engine I",,,,,"14 Commercial Road, Kingsgrove NSW 2208",,0,4WD
1630,13157,2007,Land Rover,Range Rover Sport,L320 07MY,TDV8,Wagon,5,5,Silver,,6 Speed,Automatic,Diesel,,"$41,888.00 ",CYN07K,167589,8,3.6,SALLSAA237A105490,196096,4,"Air Conditioning, Airbag, Alarm, Alloy Wheels, Anti-lock Braking System (ABS), CD Player, Central Locking, Climate Control, Cruise Control, Electric Front Seats, Electronic Fuel Injection, Engine Immobiliser, Leather Trim, Log books, Metallic paint, Phone Kit, Power mirrors, Power Steering, Power windows, Radio, Speed Alert - Warning, Tinted Windows, Tow Bar, Traction control system, Trip Computer, Turbo","* * ONE OWNER * * GORGEOUS EXAMPLE * * FULL LAND ROVER SERVICE HISTORY * 2 KEYS * TOW PACK * GPS SAT NAV * PREMIUM HARMON/KARDON LOGIC 7 SOUND * BLUETOOTH * FACTORY SIDE STEPS * XENON HEADLIGHTS, Air Conditioning, Airbag, Alarm, Alloy Wheels, Anti-lock Braking System (ABS), CD Player, Central Locking, Climate Control, Cruise Control, Electric Front Seats, Electronic Fuel Injection, Engine Immobiliser, Leather Trim, Log books, Metallic paint, Phone Kit, Power mirrors, Power Steering, Power windows, Radio, Speed Alert - Warning, Tinted Windows, Tow Bar, Traction control system, Trip Computer, Turbo, * * * * * Located 10 minutes from CBD and Sydney Airport /// Inspection by appointment only /// We have 34 years industry experience /// T R A D E - I N S welcome /// Competitive F I N A N C E, W A R R A N T Y & Australia-Wide S H I P P I NG Available /// We take credit cards & eftpos /// Please call us! * * * * *",,,,,"966 Elizabeth Street, Zetland NSW 2017",,0,4WD
1624,13157,2002,Mazda,626,GF,Classic Eclipse,Hatchback,5,5,White,,4 Speed,Automatic,Petrol - Unleaded,,"$6,888.00 ",XYN923,62191,4,2,JM0GF10S200217612,FS317661,5,"Air Conditioning, Airbag, Alarm, Alloy Wheels, Anti-lock Braking System (ABS), CD Player, Central Locking, Climate Control, Cloth Trim, Cruise Control, Electronic Fuel Injection, Engine Immobiliser, Log books, Power mirrors, Power Steering, Power windows, Radio, Tinted Windows, Traction control system, Trip Computer","* * * ONE OWNER * FULL SERVICE HISTORY * 2 X KEYS * LOVELY CONDITION THROUGHOUT *, Air Conditioning, Airbag, Alarm, Alloy Wheels, Anti-lock Braking System (ABS), CD Player, Central Locking, Climate Control, Cloth Trim, Cruise Control, Electronic Fuel Injection, Engine Immobiliser, Log books, Power mirrors, Power Steering, Power windows, Radio, Tinted Windows, Traction control system, Trip Computer, * * * * * Located 10 minutes from CBD and Sydney Airport /// Inspection by appointment only /// We have 34 years industry experience /// T R A D E - I N S welcome /// Competitive F I N A N C E, W A R R A N T Y & Australia-Wide S H I P P I NG Available /// We take credit cards & eftpos /// Please call us! * * * * *",,,,,"966 Elizabeth Street, Zetland NSW 2017",,0,FWD
1580,13157,2006,Mercedes-Benz,C230,CL203 MY2007,Sports Evolution,Coupe,2,4,Silver,,7 Speed,Automatic,Petrol - Premium ULP,,"$15,888.00 ",AYV59K,101942,6,2.5,WDB2037522A867973,2.73E+13,6,"Air Conditioning, Airbag, Alloy Wheels, Anti-lock Braking System (ABS), CD Player, Central Locking, Climate Control, Cruise Control, Electronic Fuel Injection, Engine Immobiliser, Leather Trim, Log books, Metallic paint, Power mirrors, Power Steering, Power windows, Radio, Speed Alert - Warning, Tinted Windows, Traction control system, Trip Computer","https://www.youtube.com/watch?v=lvG-hH_pC-Y  * ONLY 13 DELIVERED IN AUSTRALIA!  * * * GORGEOUS VERY RARE V6 COUPE * * *   - FULL SERVICE HISTORY  - SPARE KEYS  - 100,000KM SERVICE JUST COMPLETED  - DRIVES SUPERB, NOTHING TO SPEND., Air Conditioning, Airbag, Alloy Wheels, Anti-lock Braking System (ABS), CD Player, Central Locking, Climate Control, Cruise Control, Electronic Fuel Injection, Engine Immobiliser, Leather Trim, Log books, Metallic paint, Power mirrors, Power Steering, Power windows, Radio, Speed Alert - Warning, Tinted Windows, Traction control system, Trip Computer, * * * * * Located 10 minutes from CBD and Sydney Airport /// Inspection by appointment only /// We have 34 years industry experience /// T R A D E - I N S welcome /// Competitive F I N A N C E, W A R R A N T Y & Australia-Wide S H I P P I NG Available /// We take credit cards & eftpos /// Please call us! * * * * *",,,,,"14 Commercial Road, Kingsgrove NSW 2208",,0,RWD
1615,13157,2004,Mercedes-Benz,S350,W220 MY04,,Sedan,4,5,Silver,,5 Speed,Automatic,Petrol - Unleaded,,"$22,888.00 ",NFP597,97870,6,3.7,WDB2200672A414854,1.13E+13,5,"Air Conditioning, Airbag, Alarm, Alloy Wheels, Anti-lock Braking System (ABS), CD Player, Central Locking, Climate Control, Cruise Control, Electric Front Seats, Electronic Fuel Injection, Engine Immobiliser, Leather Trim, Log books, Metallic paint, Power mirrors, Power Steering, Power windows, Radio, Speed Alert - Warning, Sunroof, Tinted Windows, Traction control system, Trip Computer","https://www.youtube.com/watch?v=ixCQ4dBvvHs    * ABSOLUTELY GORGEOUS EXAMPLE * FULL SERVICE HISTORY * 2 KEYS * IMMACULATE CONDITION * SAT NAV * BLUETOOTH * SUNROOF * ELECTRIC SEATS * SUPREME LUXURY, Air Conditioning, Airbag, Alarm, Alloy Wheels, Anti-lock Braking System (ABS), CD Player, Central Locking, Climate Control, Cruise Control, Electric Front Seats, Electronic Fuel Injection, Engine Immobiliser, Leather Trim, Log books, Metallic paint, Power mirrors, Power Steering, Power windows, Radio, Speed Alert - Warning, Sunroof, Tinted Windows, Traction control system, Trip Computer, * * * * * Located 10 minutes from CBD and Sydney Airport /// Inspection by appointment only /// We have 34 years industry experience /// T R A D E - I N S welcome /// Competitive F I N A N C E, W A R R A N T Y & Australia-Wide S H I P P I NG Available /// We take credit cards & eftpos /// Please call us! * * * * *",,,,,"966 Elizabeth Street, Zetland NSW 2017",,0,RWD
1623,13158,2006,Mercedes-Benz,ML500,W164,Luxury,Wagon,5,5,Silver,,7 Speed,Automatic,Petrol - Premium ULP,,"$22,888.00 ",B24RE,177592,8,5,WDC1641752A122102,1.14E+13,5,"Air Conditioning, Airbag, Alarm, Alloy Wheels, Anti-lock Braking System (ABS), CD Player, Central Locking, Climate Control, Cruise Control, Electric Front Seats, Electronic Fuel Injection, Engine Immobiliser, Leather Trim, Log books, Metallic paint, Phone Kit, Power mirrors, Power Steering, Power windows, Radio, Speed Alert - Warning, Sunroof, Tinted Windows, Traction control system, Trip Computer","https://www.youtube.com/watch?v=OFB_U0Eir8M    * * * GORGEOUS EXAMPLE * BLACK LEATHER * SUNROOF * GPS NAVIGATION * PADDLE SHIFTS * LOG BOOKS/SERVICE RECEIPTS * 2 X KEYS * NEAR NEW TYRES * NEW BRAKE PADS, Air Conditioning, Airbag, Alarm, Alloy Wheels, Anti-lock Braking System (ABS), CD Player, Central Locking, Climate Control, Cruise Control, Electric Front Seats, Electronic Fuel Injection, Engine Immobiliser, Leather Trim, Log books, Metallic paint, Phone Kit, Power mirrors, Power Steering, Power windows, Radio, Speed Alert - Warning, Sunroof, Tinted Windows, Traction control system, Trip Computer, * * * * * Located 10 minutes from CBD and Sydney Airport /// Inspection by appointment only /// We have 34 years industry experience /// T R A D E - I N S welcome /// Competitive F I N A N C E, W A R R A N T Y & Australia-Wide S H I P P I NG Available /// We take credit cards & eftpos /// Please call us! * * * * *",,,,,"697 Parramatta Road, Leichhardt NSW 2040",,0,4WD
1633,13158,2006,Mercedes-Benz,CL500,C215 MY05,,Coupe,2,4,Silver,,7 Speed,Automatic,Petrol - Premium ULP,,"$39,888.00 ",CXR28A,118650,8,5,WDB2153752A047467,1.14E+13,4,"Air Conditioning, Airbag, Alarm, Alloy Wheels, Anti-lock Braking System (ABS), CD Player, Central Locking, Climate Control, Cruise Control, Electric Front Seats, Electronic Fuel Injection, Engine Immobiliser, Leather Trim, Log books, Metallic paint, Phone Kit, Power mirrors, Power Steering, Power windows, Radio, Speed Alert - Warning, Sunroof, Tinted Windows, Traction control system, Trip Computer","* $295,000 NEW IN 2006! * IMMACULATE ONE OWNER * FULL G BROTHER MERCEDES SERVICE HISTORY * 2 KEYS * POWER TAILGATE * KEYLESS GO * FLAWLESS EXAMPLE, Air Conditioning, Airbag, Alarm, Alloy Wheels, Anti-lock Braking System (ABS), CD Player, Central Locking, Climate Control, Cruise Control, Electric Front Seats, Electronic Fuel Injection, Engine Immobiliser, Leather Trim, Log books, Metallic paint, Phone Kit, Power mirrors, Power Steering, Power windows, Radio, Speed Alert - Warning, Sunroof, Tinted Windows, Traction control system, Trip Computer, * * * * * Located 10 minutes from CBD and Sydney Airport /// Inspection by appointment only /// We have 34 years industry experience /// T R A D E - I N S welcome /// Competitive F I N A N C E, W A R R A N T Y & Australia-Wide S H I P P I NG Available /// We take credit cards & eftpos /// Please call us! * * * * *",,,,,"966 Elizabeth Street, Zetland NSW 2017",,0,RWD
1634,13158,2006,Mercedes-Benz,E280,W211 MY07,Avantgarde,Sedan,4,5,Black,,7 Speed,Automatic,Petrol - Unleaded,,"$19,888.00 ",BAQ10N,131915,6,3,WDB2110542B062385,2.73E+13,10,"Airbag, Alloy Wheels, Anti-lock Braking System (ABS), Central Locking, Climate Control, Cruise Control, Power mirrors, Power Steering, Power windows","Airbag, Alloy Wheels, Anti-lock Braking System (ABS), Central Locking, Climate Control, Cruise Control, Power mirrors, Power Steering, Power windows, * * * * * Located 10 minutes from CBD and Sydney Airport /// Inspection by appointment only /// We have 34 years industry experience /// T R A D E - I N S welcome /// Competitive F I N A N C E, W A R R A N T Y & Australia-Wide S H I P P I NG Available /// We take credit cards & eftpos /// Please call us! * * * * *",,,,,"966 Elizabeth Street, Zetland NSW 2017",,0,RWD
1100,13158,2000,Nissan,Pulsar,N16,LX,Sedan,4,5,Silver,,4 Speed,Automatic,Petrol - Unleaded,,"$4,490.00 ",XVD376,167005,4,1.6,JN1CFAN16A0002652,QG16206813,6,"Adjustable Steering Wheel - Tilt & Telescopic, Air Conditioning, Airbag Driver, Anti-lock Braking System (ABS), Central Locking Remote Control, Cloth Trim, Electronic Fuel Injection, Engine Immobiliser, Log books, Power Mirrors, Power Steering, Radio, Radio CD with 4 Speakers, Seatbelts - Pre-Tensioners Front Seats","Watch our video on youtube by searching this code: U3GQGHlZ_Z8 / / / / Immaculate automatic nissan pulsar, original throughout, drives absolutely superb and has no wear or tear. Genuine low kilometers with good tyres. Perfect for first car buyer, Air Conditioning, Airbag, Anti-lock Braking System (ABS), CD Player, Central Locking, Cloth Trim, Electronic Fuel Injection, Engine Immobiliser, Log books, Power mirrors, Power Steering, Radio, * * * * * Located 10 minutes from CBD and Sydney Airport /// Inspection by appointment only /// We have 34 years industry experience /// T R A D E - I N S welcome /// Competitive F I N A N C E, W A R R A N T Y & Australia-Wide S H I P P I NG Available /// We take credit cards & eftpos /// Please call us! * * * * *",,,,,"14 Commercial Road, Kingsgrove NSW 2208",,0,FWD
1386,13158,2004,Nissan,Maxima,J31,TI-L,Sedan,4,5,Silver,,4 Speed,Automatic,Petrol - Premium ULP,,"$5,888.00 ",CD35BT,185457,6,3.5,JN1BBUJ31A0008097,297819,8,"17 Inch Alloy Wheels, Air Conditioning, Anti-Lock Braking, Auto Climate Control with Dual Temp Zones, Brake Assist, CD with 6 CD Stacker, Central Locking Remote Control, Climate Control, Cruise Control, Digital Video Disc Player, Dual Airbag Package, Electric Front Seats, Electronic Brake Force Distribution, Electronic Fuel Injection, Engine Immobiliser, Fog Lights - Front, Head Airbags, Leather Steering Wheel, Leather Trim, Leather Upholstery, Metallic Paint, Parking Distance Control, Power Front Seats, Power Mirrors, Power Steering, Power Sunroof, Power Windows, Radio, Radio CD with 6 Speakers, Seatbelts - Pre-Tensioners Front Seats, Side Front Air Bags, Traction control system, Trip Computer, Vehicle Stability Control","A good car mechanically, needs to be sold, clearing stock. Come for a test drive, make an offer, leather, sunroof and drives very well., Air Conditioning, Airbag, Alloy Wheels, Anti-lock Braking System (ABS), CD Player, Central Locking, Climate Control, Cruise Control, Electric Front Seats, Electronic Fuel Injection, Engine Immobiliser, Leather Trim, Metallic paint, Power mirrors, Power Steering, Power windows, Radio, Sunroof, Traction control system, * * * * * Located 10 minutes from CBD and Sydney Airport /// Inspection by appointment only /// We have 34 years industry experience /// T R A D E - I N S welcome /// Competitive F I N A N C E, W A R R A N T Y & Australia-Wide S H I P P I NG Available /// We take credit cards & eftpos /// Please call us! * * * * *",,,,,"966 Elizabeth Street, Zetland NSW 2017",,0,FWD
1645,13158,2007,Nissan,350Z,Z33 MY07,Touring,Roadster,2,2,Black,,5 Speed,Automatic,Petrol - Premium ULP,,"$14,888.00 ",00SID,92300,6,3.5,JN12BAZ33A0260011,VQ35538321C,7,"Airbag, Alloy Wheels, Anti-lock Braking System (ABS), CD Player, Central Locking, Climate Control, Cruise Control, Power mirrors, Power Steering, Traction control system","Airbag, Alloy Wheels, Anti-lock Braking System (ABS), CD Player, Central Locking, Climate Control, Cruise Control, Power mirrors, Power Steering, Traction control system, * * * * * Located 10 minutes from CBD and Sydney Airport /// Inspection by appointment only /// We have 34 years industry experience /// T R A D E - I N S welcome /// Competitive F I N A N C E, W A R R A N T Y & Australia-Wide S H I P P I NG Available /// We take credit cards & eftpos /// Please call us! * * * * *",,,,,"966 Elizabeth Street, Zetland NSW 2017",,0,RWD
1631,13158,2009,Peugeot,207,A7,CC,Cabriolet,2,4,Grey,Black,5 Speed,Manual,Petrol - Premium ULP,,"$14,990.00 ",BNN59E,51998,4,1.6,VF3WB5FXC9E058919,FJAT0583817,7,"Air Conditioning, Airbag, Alloy Wheels, Anti-lock Braking System (ABS), CD Player, Central Locking, Climate Control, Cruise Control, Electronic Fuel Injection, Engine Immobiliser, Leather Trim, Log books, Power mirrors, Power Steering, Power windows, Radio, Tinted Windows, Traction control system, Trip Computer","* * IMMACULATE EXAMPLE * FULL SERVICE HISTORY * 2 KEYS * DRIVES SUPERB * LEATHER INTERIOR *, Air Conditioning, Airbag, Alloy Wheels, Anti-lock Braking System (ABS), CD Player, Central Locking, Climate Control, Cruise Control, Electronic Fuel Injection, Engine Immobiliser, Leather Trim, Log books, Power mirrors, Power Steering, Power windows, Radio, Tinted Windows, Traction control system, Trip Computer, * * * * * Located 10 minutes from CBD and Sydney Airport /// Inspection by appointment only /// We have 34 years industry experience /// T R A D E - I N S welcome /// Competitive F I N A N C E, W A R R A N T Y & Australia-Wide S H I P P I NG Available /// We take credit cards & eftpos /// Please call us! * * * * *",,,,,"697 Parramatta Road, Leichhardt NSW 2040",,0,FWD
1648,13158,2002,Peugeot,307,T5,XS,Hatchback,5,5,Silver,,4 Speed,Automatic,Petrol - Unleaded,,"$4,888.00 ",AMZ39U,95390,4,1.6,VF33CRFNE82534789,PSARFN10LH200639301,9,"Airbag, Anti-lock Braking System (ABS), CD Player, Central Locking, Climate Control, Power mirrors, Power Steering, Power windows","Airbag, Anti-lock Braking System (ABS), CD Player, Central Locking, Climate Control, Power mirrors, Power Steering, Power windows, * * * * * Located 10 minutes from CBD and Sydney Airport /// Inspection by appointment only /// We have 34 years industry experience /// T R A D E - I N S welcome /// Competitive F I N A N C E, W A R R A N T Y & Australia-Wide S H I P P I NG Available /// We take credit cards & eftpos /// Please call us! * * * * *",,,,,"966 Elizabeth Street, Zetland NSW 2017",,0,FWD
1522,13158,2007,Renault,Megane,II X84 Phase II,Dynamique,Cabriolet,2,4,Gold,,4 Speed,Automatic,Petrol - Premium ULP,,"$7,888.00 ",CQZ72E,143230,4,2,VF1EM1N0A60639911,NOTVIS,5,"16 Inch Alloy Wheels, Air Conditioning, Anti-Lock Braking, Automatic Air Con / Climate Control, Brake Assist, CD with 6 CD Stacker, Central Locking Remote Control, Cruise Control, Dual Airbag Package, Electric Top, Electronic Brake Force Distribution, Electronic Stability Program, Engine Immobiliser, Fog Lights - Front, Leather Steering Wheel, Leather Upholstery, Parking Distance Control, Power Mirrors, Power Steering, Power Windows, Radio CD with 6 Speakers, Seatbelts - Pre-Tensioners Front Seats, Side Front Air Bags, Traction control system, Trip Computer","Air Conditioning, Airbag, Alloy Wheels, Anti-lock Braking System (ABS), Central Locking, Cruise Control, Power mirrors, Power Steering, Power windows, Traction control system, * * * * * Located 10 minutes from CBD and Sydney Airport /// Inspection by appointment only /// We have 34 years industry experience /// T R A D E - I N S welcome /// Competitive F I N A N C E, W A R R A N T Y & Australia-Wide S H I P P I NG Available /// We take credit cards & eftpos /// Please call us! * * * * *",,,,,"14 Commercial Road, Kingsgrove NSW 2208",,0,FWD
1398,13158,1998,Saab,9-May,,S,Sedan,4,5,Silver,,4 Speed,Automatic,Petrol - Premium ULP,,"$4,888.00 ",CVL40Q,146778,4,2.3,YS3EF488E4W3078454,B235EEA21WOO66316,3,"Air Conditioning, Alarm System/Remote Anti Theft, Alloy Wheels, Anti-Lock Braking, Automatic Air Con / Climate Control, Central Locking Remote Control, Compact Disc Player, Cruise Control, Dual Airbag Package, Electric Front Seats, Electronic Fuel Injection, Engine Immobiliser, Fog Lights - Front, Independent Rear Suspension, Power Mirrors, Power Steering, Power Windows, Radio, Seatbelts - Pre-Tensioners Front Seats, Side Front Air Bags, Sound System with 7 Speakers","A lovely old car, very good condition inside and out and superb mechanically. come for a test drive!!, Air Conditioning, Airbag, Alloy Wheels, Anti-lock Braking System (ABS), CD Player, Central Locking, Climate Control, Cruise Control, Electric Front Seats, Electronic Fuel Injection, Power mirrors, Power Steering, Power windows, Radio, * * * * * Warehouse located in Z E T L A N D, near Moore Park /// We have 34 years industry experience /// T R A D E - I N S welcome /// Competitive F I N A N C E, W A R R A N T Y & Australia-Wide S H I P P I NG Available /// We take credit cards & eftpos /// Inspection by appointment only, Please call us! * * * * *",,,,,"1429 Sydney Road, Fawkner VIC 3060",,0,FWD
1593,13158,2001,Saab,9-Mar,MY2001.5,S,Sedan,5,5,Blue,,4 Speed,Automatic,Petrol - Premium ULP,,"$3,999.00 ",AKJ26A,121000,4,2,YS3DD58C412040159,B205EDA001068883,11,"Air Conditioning, Airbag, Alarm, Alloy Wheels, Anti-lock Braking System (ABS), CD Player, Central Locking, Climate Control, Cruise Control, Electric Front Seats, Electronic Fuel Injection, Engine Immobiliser, Leather Trim, Log books, Metallic paint, Power mirrors, Power Steering, Power windows, Radio, Tinted Windows, Traction control system, Trip Computer, Turbo","https://www.youtube.com/watch?v=vPxJWVhMQbo    * * *  FULL SERVICE HISTORY * * *   LOW KMS PACKED WITH FEATURES, PLEASURE TO DRIVE.    - Electronic brake force distribution (EBD)  - Remote central locking  - Leather seats  - Power door mirrors  - Cruise control    LOVELY CAR ALL AROUND, CALL FOR MORE INFO!, Air Conditioning, Airbag, Alarm, Alloy Wheels, Anti-lock Braking System (ABS), CD Player, Central Locking, Climate Control, Cruise Control, Electric Front Seats, Electronic Fuel Injection, Engine Immobiliser, Leather Trim, Log books, Metallic paint, Power mirrors, Power Steering, Power windows, Radio, Tinted Windows, Traction control system, Trip Computer, Turbo, * * * * * Located 10 minutes from CBD and Sydney Airport /// Inspection by appointment only /// We have 34 years industry experience /// T R A D E - I N S welcome /// Competitive F I N A N C E, W A R R A N T Y & Australia-Wide S H I P P I NG Available /// We take credit cards & eftpos /// Please call us! * * * * *",,,,,"966 Elizabeth Street, Zetland NSW 2017",,0,FWD
1508,13158,2008,Smart,ForTwo,451 MY09,pulse Softip mhd,Coupe,3,2,Black,,5 Speed,Seq Manual Auto-Clutch,Petrol - Premium ULP,,"$8,788.00 ",CA55FM,68033,3,1,WME4513802K221317,3B21BL0545,10,"Air Conditioning, Airbag, Alloy Wheels, Anti-lock Braking System (ABS), CD Player, Central Locking, Climate Control","Air Conditioning, Airbag, Alloy Wheels, Anti-lock Braking System (ABS), CD Player, Central Locking, Climate Control, * * * * * Located 10 minutes from CBD and Sydney Airport /// Inspection by appointment only /// We have 34 years industry experience /// T R A D E - I N S welcome /// Competitive F I N A N C E, W A R R A N T Y & Australia-Wide S H I P P I NG Available /// We take credit cards & eftpos /// Please call us! * * * * *",,,,,"966 Elizabeth Street, Zetland NSW 2017",,0,RWD
1511,13158,2010,Smart,ForTwo,451 MY09,pulse Softip mhd,Coupe,3,2,Black,,5 Speed,Seq Manual Auto-Clutch,Petrol - Premium ULP,,"$9,888.00 ",CA53KF,67333,3,1,WME4513802K221153,3B21BK9575,1,"Air Conditioning, Airbag, Alloy Wheels, Anti-lock Braking System (ABS), CD Player, Central Locking, Climate Control","Air Conditioning, Airbag, Alloy Wheels, Anti-lock Braking System (ABS), CD Player, Central Locking, Climate Control, * * * * * Located 10 minutes from CBD and Sydney Airport /// Inspection by appointment only /// We have 34 years industry experience /// T R A D E - I N S welcome /// Competitive F I N A N C E, W A R R A N T Y & Australia-Wide S H I P P I NG Available /// We take credit cards & eftpos /// Please call us! * * * * *",,,,,"966 Elizabeth Street, Zetland NSW 2017",,0,RWD
1451,13158,2007,Subaru,Liberty,B4 MY07,Premium Pack AWD,Wagon,5,5,Silver,,4 Speed,Automatic,Petrol - Unleaded,,"$6,999.00 ",BCN58B,228037,4,2.5,JF1BP9KL57G054753,D070290,6,"Air Conditioning, Airbag, Alloy Wheels, Anti-lock Braking System (ABS), CD Player, Central Locking, Climate Control, Cruise Control, Electric Front Seats, Electronic Fuel Injection, Engine Immobiliser, Leather Trim, Log books, Metallic paint, Power mirrors, Power Steering, Power windows, Radio, Sunroof, Tinted Windows, Traction control system, Trip Computer","www.youtube.comau/7xFNsDPjNRs  * * * *  CHEAP CAR   - FULL SERVICE HISTORY UP TO 130,000KM  - CURRENT SERVICE COMPLETED BY OUR MECHANIC  - GOOD CAR MECHANICALLY  - PREMIUM PACK WITH LEATHER, ELECTRIC SEATS, SUNROOF!, Air Conditioning, Airbag, Alloy Wheels, Anti-lock Braking System (ABS), CD Player, Central Locking, Climate Control, Cruise Control, Electric Front Seats, Electronic Fuel Injection, Engine Immobiliser, Leather Trim, Log books, Metallic paint, Power mirrors, Power Steering, Power windows, Radio, Sunroof, Tinted Windows, Traction control system, Trip Computer, * * * * * Located 10 minutes from CBD and Sydney Airport /// Inspection by appointment only /// We have 34 years industry experience /// T R A D E - I N S welcome /// Competitive F I N A N C E, W A R R A N T Y & Australia-Wide S H I P P I NG Available /// We take credit cards & eftpos /// Please call us! * * * * *",,,,,"14 Commercial Road, Kingsgrove NSW 2208",,0,4WD
1387,13158,2007,Suzuki,GSX1400,,K7,,,,Black,,6 Speed,,Petrol - Premium ULP,,"$7,888.00 ",TCU97,4000,,1400,JS1BN121300100987,Y701128643,2,"Engine Immobiliser, Log books","Well cared for bike with low kilometers, has 2 brand new Pirelli tyres. Rides very well., Engine Immobiliser, Log books, * * * * * Located 10 minutes from CBD and Sydney Airport /// Inspection by appointment only /// We have 34 years industry experience /// T R A D E - I N S welcome /// Competitive F I N A N C E, W A R R A N T Y & Australia-Wide S H I P P I NG Available /// We take credit cards & eftpos /// Please call us! * * * * *",,,,,"966 Elizabeth Street, Zetland NSW 2017",,0,
1646,13158,2006,Volkswagen,Jetta,1KM MY07,FSI Tiptronic,Sedan,4,5,Silver,,6 Speed,Automatic,Petrol - Premium ULP,,"$11,888.00 ",CYH92Z,80724,4,2,WVWZZZ1KZ6M847504,BWA703779,7,"Air Conditioning, Airbag, Alarm, Alloy Wheels, Anti-lock Braking System (ABS), CD Player, Central Locking, Climate Control, Cloth Trim, Cruise Control, Electronic Fuel Injection, Engine Immobiliser, Log books, Power mirrors, Power Steering, Power windows, Radio, Speed Alert - Warning, Tinted Windows, Tow Bar, Traction control system, Trip Computer","* * LOVELY EXAMPLE * FULL SERVICE HISTORY * INTERIOR IMMACULATE * BODY IMMACULATE * MECHANICALLY A1 * LOW KMS FOR AGE * PARK SENSORS, Air Conditioning, Airbag, Alarm, Alloy Wheels, Anti-lock Braking System (ABS), CD Player, Central Locking, Climate Control, Cloth Trim, Cruise Control, Electronic Fuel Injection, Engine Immobiliser, Log books, Power mirrors, Power Steering, Power windows, Radio, Speed Alert - Warning, Tinted Windows, Tow Bar, Traction control system, Trip Computer, * * * * * Located 10 minutes from CBD and Sydney Airport /// Inspection by appointment only /// We have 34 years industry experience /// T R A D E - I N S welcome /// Competitive F I N A N C E, W A R R A N T Y & Australia-Wide S H I P P I NG Available /// We take credit cards & eftpos /// Please call us! * * * * *",,,,,"966 Elizabeth Street, Zetland NSW 2017",,0,FWD
1605,13158,1997,Volvo,S70,,2.5,Sedan,4,5,Green,,4 Speed,Automatic,Petrol - Unleaded,,"$4,888.00 ",YFS62X,244814,5,2.4,YV1LS5506V2408577,B5254S922224,4,,"* * * * * Located 10 minutes from CBD and Sydney Airport /// Inspection by appointment only /// We have 34 years industry experience /// T R A D E - I N S welcome /// Competitive F I N A N C E, W A R R A N T Y & Australia-Wide S H I P P I NG Available /// We take credit cards & eftpos /// Please call us! * * * * *",,,,,"966 Elizabeth Street, Zetland NSW 2017",,0,FWD
