StockNo,DealerCode,ManuYear,Make,Model,Series,Badge,Body,Doors,Seats,BodyColour,TrimColour,Gears,Gearbox,FuelType,Retail,Rego,Odometer,Cylinders,EngineCapacity,VINNumber,EngineNumber,ManuMonth,Options,Comments,NVIC,Redbookcode,InventoryID,EGC,Location,DriveAwayAmount,IsDriveAway,DriveType
00001075,13156,1998,Honda,Accord,,VTI,Sedan,4,5,Silver,,"4 Speed",Automatic,"Petrol - Unleaded",4888,CD10PC,147502,4,2.3,1HGCG5640WA603396,F23A11081906,6,"Air Conditioning, Airbag, Alloy Wheels, Anti-lock Braking System (ABS), Central Locking, Cloth Trim, Cruise Control, Electronic Fuel Injection, Engine Immobiliser, Leather Trim, Log books, Power mirrors, Power Steering, Power windows, Radio","https://www.youtube.com/watch?v=mzTBbjpFmsc    VERY SMOOTH TO DRIVE * * LOW KMS FOR AGE * * GOOD TYRE TREAD * * MECHANICALLY EXCELLENT * * GOOD SERVICE HISTORY * 6 MONTHS REGO!    SELLING WITH CURRENT NSW BLUE SLIP CERTIFICATE, Air Conditioning, Airbag, Alloy Wheels, Anti-lock Braking System (ABS), Central Locking, Cloth Trim, Cruise Control, Electronic Fuel Injection, Engine Immobiliser, Leather Trim, Log books, Power mirrors, Power Steering, Power windows, Radio, * * * * * Located 10 minutes from CBD and Sydney Airport /// Inspection by appointment only /// We have 34 years industry experience /// T R A D E - I N S welcome /// Competitive F I N A N C E, W A R R A N T Y & Australia-Wide S H I P P I NG Available /// We take credit cards & eftpos /// Please call us! * * * * *",,,,,,,0,FWD
00001100,13156,2000,Nissan,Pulsar,N16,LX,Sedan,4,5,Silver,,"4 Speed",Automatic,"Petrol - Unleaded",3990,XVD376,167005,4,1.6,JN1CFAN16A0002652,QG16206813,6,"Air Conditioning, Airbag, Anti-lock Braking System (ABS), CD Player, Central Locking, Cloth Trim, Electronic Fuel Injection, Engine Immobiliser, Log books, Power mirrors, Power Steering, Radio","Watch our video on youtube by searching this code: U3GQGHlZ_Z8 / / / / Immaculate automatic nissan pulsar, original throughout, drives absolutely superb and has no wear or tear. Genuine low kilometers with good tyres. Perfect for first car buyer, Air Conditioning, Airbag, Anti-lock Braking System (ABS), CD Player, Central Locking, Cloth Trim, Electronic Fuel Injection, Engine Immobiliser, Log books, Power mirrors, Power Steering, Radio, * * * * * Located 10 minutes from CBD and Sydney Airport /// Inspection by appointment only /// We have 34 years industry experience /// T R A D E - I N S welcome /// Competitive F I N A N C E, W A R R A N T Y & Australia-Wide S H I P P I NG Available /// We take credit cards & eftpos /// Please call us! * * * * *",,,,,"14 Commercial Road, Kingsgrove NSW 2208",,0,FWD
00001143,13156,2000,BMW,323CI,E46,,Coupe,2,5,Black,,"5 Speed",Automatic,"Petrol - Unleaded",9990,TM762,139569,6,2.5,WBABM320X0EE92843,"27259379 ",1,"Air Conditioning, Airbag, Alloy Wheels, Anti-lock Braking System (ABS), CD Player, Central Locking, Climate Control, Cruise Control, Electronic Fuel Injection, Engine Immobiliser, Leather Trim, Log books, Power mirrors, Power Steering, Power windows, Radio, Sunroof, Trip Computer","For our video of this car search this code on YouTube: cz-RoiDzWs4            A lovely example drives very well with low kilometers and full log book service history. Come for a test drive, best colour combination, bullet proof vehicle!, Air Conditioning, Airbag, Alloy Wheels, Anti-lock Braking System (ABS), CD Player, Central Locking, Climate Control, Cruise Control, Electronic Fuel Injection, Engine Immobiliser, Leather Trim, Log books, Power mirrors, Power Steering, Power windows, Radio, Sunroof, Trip Computer, * * * * * Located 10 minutes from CBD and Sydney Airport /// Inspection by appointment only /// We have 34 years industry experience /// T R A D E - I N S welcome /// Competitive F I N A N C E, W A R R A N T Y & Australia-Wide S H I P P I NG Available /// We take credit cards & eftpos /// Please call us! * * * * *",,,,,"14 Commercial Road, Kingsgrove NSW 2208",,0,RWD
00001150,13156,2005,Ford,Falcon,BF,XT,Wagon,5,5,White,,"4 Speed",Automatic,"Petrol - Unleaded",4990,AH69XG,209388,6,4.0,6FPAAAJGWA5D42704,JGWA5D42704,11,"Air Conditioning, Airbag, Anti-lock Braking System (ABS), CD Player, Central Locking, Cloth Trim, Cruise Control, Electronic Fuel Injection, Engine Immobiliser, Power mirrors, Power Steering, Power windows, Radio, Traction control system, Trip Computer","Lovely wagon which looks and drives like less than half the kilometers, comes with a victorian RWC, can sell with NSW RWC also. Good tyres all around, call to arrange an inspection/test drive!, Air Conditioning, Airbag, Anti-lock Braking System (ABS), CD Player, Central Locking, Cloth Trim, Cruise Control, Electronic Fuel Injection, Engine Immobiliser, Power mirrors, Power Steering, Power windows, Radio, Traction control system, Trip Computer, * * * * * Located 10 minutes from CBD and Sydney Airport /// Inspection by appointment only /// We have 34 years industry experience /// T R A D E - I N S welcome /// Competitive F I N A N C E, W A R R A N T Y & Australia-Wide S H I P P I NG Available /// We take credit cards & eftpos /// Please call us! * * * * *",,,,,"14 Commercial Road, Kingsgrove NSW 2208",,0,RWD
00001359,13156,2001,BMW,320CI,"E46 MY2001",Steptronic,Coupe,2,5,Silver,,"5 Speed",Automatic,"Petrol - Unleaded",6990,AOC72U,187783,6,2.2,WBABN12010JV88947,23959802226S1,6,"Air Conditioning, Airbag, Alloy Wheels, Anti-lock Braking System (ABS), CD Player, Central Locking, Climate Control, Cruise Control, Electronic Fuel Injection, Engine Immobiliser, Leather Trim, Power mirrors, Power Steering, Power windows, Radio, Sunroof, Traction control system","An excellent BMW coupe, sporty and very nice to drive. Has to be an absolute bargain at this very low price!  Mechanically A1 and NO issues, call or email us for more details, will not disappoint!!, Air Conditioning, Airbag, Alloy Wheels, Anti-lock Braking System (ABS), CD Player, Central Locking, Climate Control, Cruise Control, Electronic Fuel Injection, Engine Immobiliser, Leather Trim, Power mirrors, Power Steering, Power windows, Radio, Sunroof, Traction control system, * * * * * Located 10 minutes from CBD and Sydney Airport /// Inspection by appointment only /// We have 34 years industry experience /// T R A D E - I N S welcome /// Competitive F I N A N C E, W A R R A N T Y & Australia-Wide S H I P P I NG Available /// We take credit cards & eftpos /// Please call us! * * * * *",,,,,"14 Commercial Road, Kingsgrove NSW 2208",,0,RWD
00001368,13156,2006,Ford,Falcon,BF,XT,Sedan,4,5,Gold,,"4 Speed",Automatic,"Petrol - Unleaded",5500,AN14MJ,139000,6,4.0,6FPAAAJGSW6U97585,JGSW6U97585,6,"Air Conditioning, Airbag, Alarm, Anti-lock Braking System (ABS), CD Player, Central Locking, Cloth Trim, Cruise Control, Electronic Fuel Injection, Power mirrors, Power Steering, Power windows, Radio, Traction control system","Very low kms for age, lovely in the body and trim, come for a test drive. Price range auto!, Air Conditioning, Airbag, Alarm, Anti-lock Braking System (ABS), CD Player, Central Locking, Cloth Trim, Cruise Control, Electronic Fuel Injection, Power mirrors, Power Steering, Power windows, Radio, Traction control system, * * * * * Located 10 minutes from CBD and Sydney Airport /// Inspection by appointment only /// We have 34 years industry experience /// T R A D E - I N S welcome /// Competitive F I N A N C E, W A R R A N T Y & Australia-Wide S H I P P I NG Available /// We take credit cards & eftpos /// Please call us! * * * * *",,,,,"14 Commercial Road, Kingsgrove NSW 2208",,0,RWD
00001370,13156,2005,BMW,545i,E60,Steptronic,Sedan,4,5,Gold,,"6 Speed",Automatic,"Petrol - Premium ULP",15888,CTL48F,170202,8,4.4,WBANB32080B361430,52473272N62B44A,7,"Air Conditioning, Airbag, Alarm, Alloy Wheels, Anti-lock Braking System (ABS), CD Player, Central Locking, Climate Control, Cruise Control, Electric Front Seats, Electronic Fuel Injection, Engine Immobiliser, Leather Trim, Log books, Metallic paint, Phone Kit, Power mirrors, Power Steering, Power windows, Radio, Sunroof, Traction control system, Trip Computer","This car drives as beautiful as it looks, has full service history and comes with  2 x keys, Sat Nav, Electric Seats, Sunroof, Xenon headlights and much more. Price has just been dropped, please call to arrange an inspection. Will not disappoint.     Luxury motoring at a fraction of new car price! This V8 BMW has lots of power and is smooth and lovely to drive!  Come and see for yourself, will not disappoint AND please compare prices... be quick, selling with a current nsw roadworthy certificate - ready for rego!   FULL SERVICE HISTORY, Air Conditioning, Airbag, Alarm, Alloy Wheels, Anti-lock Braking System (ABS), CD Player, Central Locking, Climate Control, Cruise Control, Electric Front Seats, Electronic Fuel Injection, Engine Immobiliser, Leather Trim, Log books, Metallic paint, Phone Kit, Power mirrors, Power Steering, Power windows, Radio, Sunroof, Traction control system, Trip Computer, * * * * * Located 10 minutes from CBD and Sydney Airport /// Inspection by appointment only /// We have 34 years industry experience /// T R A D E - I N S welcome /// Competitive F I N A N C E, W A R R A N T Y & Australia-Wide S H I P P I NG Available /// We take credit cards & eftpos /// Please call us! * * * * *",,,,,"14 Commercial Road, Kingsgrove NSW 2208",,0,RWD
00001386,13156,2004,Nissan,Maxima,J31,TI-L,Sedan,4,5,Silver,,"4 Speed",Automatic,"Petrol - Premium ULP",5888,CD35BT,185457,6,3.5,JN1BBUJ31A0008097,297819,8,"17 Inch Alloy Wheels, Air Conditioning, Anti-Lock Braking, Auto Climate Control with Dual Temp Zones, Brake Assist, CD with 6 CD Stacker, Central Locking Remote Control, Climate Control, Cruise Control, Digital Video Disc Player, Dual Airbag Package, Electric Front Seats, Electronic Brake Force Distribution, Electronic Fuel Injection, Engine Immobiliser, Fog Lights - Front, Head Airbags, Leather Steering Wheel, Leather Trim, Leather Upholstery, Metallic Paint, Parking Distance Control, Power Front Seats, Power Mirrors, Power Steering, Power Sunroof, Power Windows, Radio, Radio CD with 6 Speakers, Seatbelts - Pre-Tensioners Front Seats, Side Front Air Bags, Traction control system, Trip Computer, Vehicle Stability Control","A good car mechanically, needs to be sold, clearing stock. Come for a test drive, make an offer, leather, sunroof and drives very well., Air Conditioning, Airbag, Alloy Wheels, Anti-lock Braking System (ABS), CD Player, Central Locking, Climate Control, Cruise Control, Electric Front Seats, Electronic Fuel Injection, Engine Immobiliser, Leather Trim, Metallic paint, Power mirrors, Power Steering, Power windows, Radio, Sunroof, Traction control system, * * * * * Located 10 minutes from CBD and Sydney Airport /// Inspection by appointment only /// We have 34 years industry experience /// T R A D E - I N S welcome /// Competitive F I N A N C E, W A R R A N T Y & Australia-Wide S H I P P I NG Available /// We take credit cards & eftpos /// Please call us! * * * * *",,,,,"966 Elizabeth Street, Zetland NSW 2017",,0,FWD
00001387,13156,2007,Suzuki,GSX1400,,K7,,,,Black,,"6 Speed",,"Petrol - Premium ULP",7888,TCU97,4000,,1400,JS1BN121300100987,Y701128643,2,"Engine Immobiliser, Log books","Well cared for bike with low kilometers, has 2 brand new Pirelli tyres. Rides very well., Engine Immobiliser, Log books, * * * * * Located 10 minutes from CBD and Sydney Airport /// Inspection by appointment only /// We have 34 years industry experience /// T R A D E - I N S welcome /// Competitive F I N A N C E, W A R R A N T Y & Australia-Wide S H I P P I NG Available /// We take credit cards & eftpos /// Please call us! * * * * *",,,,,"966 Elizabeth Street, Zetland NSW 2017",,0,
00001390,13156,2002,Audi,A4,B6,Quattro,Sedan,4,5,Red,,"5 Speed",Manual,"Petrol - Premium ULP",8999,SDB176,115964,4,1.8,WAUZZZEX3A1281144,BFB003044,7,"Air Conditioning, Airbag, Alloy Wheels, Anti-lock Braking System (ABS), CD Player, Central Locking, Climate Control, Cruise Control, Electronic Fuel Injection, Engine Immobiliser, Leather Trim, Log books, Metallic paint, Power mirrors, Power Steering, Power windows, Radio, Sunroof, Traction control system, Turbo","Audi A4 1.8T Quattro Manual in superb condition throughout, the leather is lovely, the body is in excellent condition. Good tyre tread. Drives incredibly well. Full service history in the log books! Come for a test drive!, Air Conditioning, Airbag, Alloy Wheels, Anti-lock Braking System (ABS), CD Player, Central Locking, Climate Control, Cruise Control, Electronic Fuel Injection, Engine Immobiliser, Leather Trim, Log books, Metallic paint, Power mirrors, Power Steering, Power windows, Radio, Sunroof, Traction control system, Turbo, * * * * * Located 10 minutes from CBD and Sydney Airport /// Inspection by appointment only /// We have 34 years industry experience /// T R A D E - I N S welcome /// Competitive F I N A N C E, W A R R A N T Y & Australia-Wide S H I P P I NG Available /// We take credit cards & eftpos /// Please call us! * * * * *",,,,,"14 Commercial Road, Kingsgrove NSW 2208",,0,4WD
00001398,13156,1998,Saab,9-5,,S,Sedan,4,5,Silver,,"4 Speed",Automatic,"Petrol - Premium ULP",4888,CVL40Q,146778,4,2.3,YS3EF488E4W3078454,B235EEA21WOO66316,3,"Air Conditioning, Alarm System/Remote Anti Theft, Alloy Wheels, Anti-Lock Braking, Automatic Air Con / Climate Control, Central Locking Remote Control, Compact Disc Player, Cruise Control, Dual Airbag Package, Electric Front Seats, Electronic Fuel Injection, Engine Immobiliser, Fog Lights - Front, Independent Rear Suspension, Power Mirrors, Power Steering, Power Windows, Radio, Seatbelts - Pre-Tensioners Front Seats, Side Front Air Bags, Sound System with 7 Speakers","A lovely old car, very good condition inside and out and superb mechanically. come for a test drive!!, Air Conditioning, Airbag, Alloy Wheels, Anti-lock Braking System (ABS), CD Player, Central Locking, Climate Control, Cruise Control, Electric Front Seats, Electronic Fuel Injection, Power mirrors, Power Steering, Power windows, Radio, * * * * * Warehouse located in Z E T L A N D, near Moore Park /// We have 34 years industry experience /// T R A D E - I N S welcome /// Competitive F I N A N C E, W A R R A N T Y & Australia-Wide S H I P P I NG Available /// We take credit cards & eftpos /// Inspection by appointment only, Please call us! * * * * *",,,,,"697 Parramatta Road, Leichhardt NSW 2040",,0,FWD
00001508,13156,2008,Smart,ForTwo,"451 MY09","pulse Softip mhd",Coupe,3,2,Black,,"5 Speed","Seq Manual Auto-Clutch","Petrol - Premium ULP",8788,CA55FM,68033,3,1.0,WME4513802K221317,3B21BL0545,10,"Air Conditioning, Airbag, Alloy Wheels, Anti-lock Braking System (ABS), CD Player, Central Locking, Climate Control","Air Conditioning, Airbag, Alloy Wheels, Anti-lock Braking System (ABS), CD Player, Central Locking, Climate Control, * * * * * Located 10 minutes from CBD and Sydney Airport /// Inspection by appointment only /// We have 34 years industry experience /// T R A D E - I N S welcome /// Competitive F I N A N C E, W A R R A N T Y & Australia-Wide S H I P P I NG Available /// We take credit cards & eftpos /// Please call us! * * * * *",,,,,"966 Elizabeth Street, Zetland NSW 2017",,0,RWD
00001510,13156,2004,Ford,Territory,SX,"Ghia AWD",Wagon,5,5,Silver,,"4 Speed","Auto Seq Sportshift","Petrol - Unleaded",7488,BZ99PP,168269,6,4.0,6FPAAAJGAT4E48934,JGAT4E48934,8,"17 Inch Alloy Wheels, Adjustable Pedals, Air Conditioning, Anti-Lock Braking, Auto Climate Control with Dual Temp Zones, CD Player, CD with 6 CD Stacker, Central Locking Remote Control, Climate Control, Cruise Control, Dual Airbag Package, Dynamic Stability Control, Electric Front Seats, Electronic Brake Force Distribution, Electronic Fuel Injection, Engine Immobiliser, Fog Lights - Front, Head Airbags, Leather Steering Wheel, Leather Trim, Leather Upholstery, Log books, Metallic paint, Parking Distance Control, Power Front Seat Driver/Memory, Power Mirrors, Power Steering, Power Windows, Radio, Sound System with 7 Speakers, Tinted Windows, Tow Bar, Traction Control System, Trip Computer","* * 7 SEATER * AWD * GHIA * GOOD CAR FOR AGE AND KMS * NO ACCIDENTS * MECHANICALLY EXCELLENT, Air Conditioning, Airbag, Alloy Wheels, Anti-lock Braking System (ABS), CD Player, Central Locking, Climate Control, Cruise Control, Electric Front Seats, Electronic Fuel Injection, Engine Immobiliser, Leather Trim, Log books, Metallic paint, Power mirrors, Power Steering, Power windows, Radio, Tinted Windows, Tow Bar, Traction control system, Trip Computer, * * * * * Located 10 minutes from CBD and Sydney Airport /// Inspection by appointment only /// We have 34 years industry experience /// T R A D E - I N S welcome /// Competitive F I N A N C E, W A R R A N T Y & Australia-Wide S H I P P I NG Available /// We take credit cards & eftpos /// Please call us! * * * * *",,,,,"14 Commercial Road, Kingsgrove NSW 2208",,0,4WD
00001511,13156,2010,Smart,ForTwo,"451 MY09","pulse Softip mhd",Coupe,3,2,Black,,"5 Speed","Seq Manual Auto-Clutch","Petrol - Premium ULP",9888,CZA50X,67333,3,1.0,WME4513802K221153,3B21BK9575,1,"15 Inch Alloy Wheels, Air Conditioning, Anti-Lock Braking, Automatic Air Con / Climate Control, Brake Assist, CD Player, Central Locking Remote Control, Child Restraint, Cruise Control, Dual Airbag Package, Electric Front Seats, Electronic Brake Force Distribution, Electronic Fuel Injection, Electronic Stability Program, Engine Immobiliser, Fog Lights - Front, Hill Holder, Leather Steering Wheel, Leather Trim, Log books, Metallic paint, Power mirrors, Power Steering, Power Windows, Radio, Seatbelts - Pre-Tensioners Front Seats, Side Airbags, Sunroof, Traction control system, Trip Computer","Air Conditioning, Airbag, Alloy Wheels, Anti-lock Braking System (ABS), CD Player, Central Locking, Child Restraint, Climate Control, Cruise Control, Electric Front Seats, Electronic Fuel Injection, Engine Immobiliser, Leather Trim, Log books, Metallic paint, Power mirrors, Power Steering, Power windows, Radio, Traction control system, Trip Computer, * * * * * Located 10 minutes from CBD and Sydney Airport /// Inspection by appointment only /// We have 34 years industry experience /// T R A D E - I N S welcome /// Competitive F I N A N C E, W A R R A N T Y & Australia-Wide S H I P P I NG Available /// We take credit cards & eftpos /// Please call us! * * * * *",,,,,"966 Elizabeth Street, Zetland NSW 2017",,0,RWD
00001529,13156,2011,Audi,S5,"8T MY11","Sportback S tronic quattro",Hatchback,5,4,Black,,"7 Speed","Sports Automatic Dual Clutch","Petrol - Premium ULP",74000,CTX75C,32416,6,3.0,WAUZZZ8T2BA077298,CAK018642,9,"18 Inch Alloy Wheels, Air Con + Climate Control Multi Zone, Alarm System/Remote Anti Theft, Anti-Lock Braking, Brake Assist, CD with 6 CD Stacker, Central Locking Remote Control, Cruise Control, Dual Airbag Package, Electric Front Seats, Electronic Brake Force Distribution, Electronic Differential Lock, Electronic Fuel Injection, Electronic Stability Program, Engine Immobiliser, Fog Lights - Front, Head Airbags, Heated Front Seats, Hill Holder, Keyless Entry and Drive, Leather Trim, Leather Upholstery, Log books, Metallic paint, Multi Function Steering Wheel, Parking Distance Control, Phone Kit, Power Front Seats, Power Mirrors, Power Steering, Power Windows, Radio, Radio CD with 10 Speakers, Satellite Navigation, Seatbelts - Pre-Tensioners Front Seats, Side Front Air Bags, Speed Alert - Warning, Sports Suspension, Sunroof, Tinted Windows, Traction Control System, Trip Computer, Turbo, Xenon Headlights","https://www.youtube.com/watch?v=IWq3fspoqnY.  - ONE OWNER IN AS NEW CONDITION  - FULL AUDI SERVIE HISTORY (2 KEYS)  - OPTIONS > two tone Suede/Leather Seating, Teknik Pack with Memory Seats & Blind Spot Monitoring, Drive Select with Dynamic Mode, Reverse Camera, Electric Glass Sunroof & Bang and Olufsen Premium Sound.   - TRADES WELCOME  - PRICE NEGOTIABLE, Air Conditioning, Airbag, Alarm, Alloy Wheels, Anti-lock Braking System (ABS), CD Player, Central Locking, Climate Control, Cruise Control, Electric Front Seats, Electronic Fuel Injection, Engine Immobiliser, Leather Trim, Log books, Metallic paint, Phone Kit, Power mirrors, Power Steering, Power windows, Radio, Speed Alert - Warning, Sunroof, Tinted Windows, Traction control system, Trip Computer, Turbo, * * * * * Located 10 minutes from CBD and Sydney Airport /// Inspection by appointment only /// We have 34 years industry experience /// T R A D E - I N S welcome /// Competitive F I N A N C E, W A R R A N T Y & Australia-Wide S H I P P I NG Available /// We take credit cards & eftpos /// Please call us! * * * * *",,,,,"697 Parramatta Road, Leichhardt NSW 2040",,0,4WD
00001546,13156,2010,BMW,535i,"F07 MY10","Gran Turismo Steptronic",Hatchback,5,5,Blue,Cream,"8 Speed","Auto Seq Sportshift","Petrol - Unleaded",64000,CYN07C,56500,6,3.0,WBASN22070C193214,15317377,5,"19 Inch Alloy Wheels, Air Con + Climate Control Multi Zone, Alarm, Anti-Lock Braking, Brake Assist, CD Player, CD with 6 CD Stacker, Central Locking Remote Control, Comfort Access System, Cruise Control, Digital Video Disc Player, Dual Airbag Package, Dusk Sensing Headlights, Dynamic Stability Control, Electric Front Seats, Electronic Brake Force Distribution, Electronic Fuel Injection, Engine Immobiliser, Fog Lights - Front, Head Airbags, Head Up Display, Heated Front Seats, Leather Steering Wheel, Leather Trim, Leather Upholstery, Log books, Metallic Paint, Multi Function Steering Wheel, Parking Distance Control, Parking Distance Control Front, Phone Kit, Power Front Seats, Power Mirrors, Power Steering, Power Tailgate, Power Windows, Radio, Radio Compact Disc Player, Rain Sensing Wipers, Reversing Camera, Roof Racks, Satellite Navigation, Seatbelts - Pre-Tensioners Front Seats, Side Airbags, Speed Alert - Warning, Sunroof, Tinted Windows, Traction Control System, Trip Computer, Turbo, Voice Recognition System, Wood Grain Trim, Xenon Headlights","https://www.youtube.com/watch?v=1rOGCHoUA7c    * FULL BMW SERVICE HISTORY * * 2 KEYS  * EXCELLENT EXAMPLE WITH LOW KMS    OPTIONED WITH INCREDIBLE FEATURES INCLUDING;  - SAT NAV  - BLUETOOTH  - ELECTRIC SEATS  - FOLDING MIRRORS  - PANORAMIC ROOF  - ANGEL EYES AND BI-XENON HEADLIGHTS  - HEADS UP DISPLAY  - 360 PARK ASSIST CAMERAS  - LANE DEPARTURE WARNING  ... AND MUCH MORE    A one owner vehicle driven by a female doctor., Air Conditioning, Airbag, Alarm, Alloy Wheels, Anti-lock Braking System (ABS), CD Player, Central Locking, Climate Control, Cruise Control, Electric Front Seats, Electronic Fuel Injection, Engine Immobiliser, Leather Trim, Log books, Metallic paint, Phone Kit, Power mirrors, Power Steering, Power windows, Radio, Roof Racks, Speed Alert - Warning, Sunroof, Tinted Windows, Traction control system, Trip Computer, Turbo, * * * * * Located 10 minutes from CBD and Sydney Airport /// Inspection by appointment only /// We have 34 years industry experience /// T R A D E - I N S welcome /// Competitive F I N A N C E, W A R R A N T Y & Australia-Wide S H I P P I NG Available /// We take credit cards & eftpos /// Please call us! * * * * *",,,,,"697 Parramatta Road, Leichhardt NSW 2040",,0,RWD
00001562,13156,2008,BMW,X6,E71,"xDrive35i Coupe Steptronic",Wagon,4,4,Black,Black,"6 Speed",Automatic,"Petrol - Premium ULP",49888,00UUUU,102737,6,3.0,WBAFG42090LJ78513,07116827N54B30A,8,"Air Conditioning, Airbag, Alarm, Alloy Wheels, Anti-lock Braking System (ABS), CD Player, Central Locking, Climate Control, Cruise Control, Electric Front Seats, Electronic Fuel Injection, Engine Immobiliser, Leather Trim, Log books, Metallic paint, Phone Kit, Power mirrors, Power Steering, Power windows, Radio, Speed Alert - Warning, Sunroof, Tinted Windows, Traction control system, Trip Computer, Turbo","https://www.youtube.com/watch?v=DRWeMCGUT5E    * * * TWIN TURBO SPORT MODEL FULL OF EXTRAS ** * *   - FULL SERVICE HISTORY (RECENTLY SERVICED) + 2 KEYS  - HEADS UP DISPLAY, REVERSE CAMERA, POWER TAILGATE  - SAT NAV, TV, BLUETOOTH  - EXCELLENT TYRE TREAD    First to see will buy, this car is immaculate for its kilometers, Air Conditioning, Airbag, Alarm, Alloy Wheels, Anti-lock Braking System (ABS), CD Player, Central Locking, Climate Control, Cruise Control, Electric Front Seats, Electronic Fuel Injection, Engine Immobiliser, Leather Trim, Log books, Metallic paint, Phone Kit, Power mirrors, Power Steering, Power windows, Radio, Speed Alert - Warning, Sunroof, Tinted Windows, Traction control system, Trip Computer, Turbo, * * * * * Located 10 minutes from CBD and Sydney Airport /// Inspection by appointment only /// We have 34 years industry experience /// T R A D E - I N S welcome /// Competitive F I N A N C E, W A R R A N T Y & Australia-Wide S H I P P I NG Available /// We take credit cards & eftpos /// Please call us! * * * * *",,,,,"14 Commercial Road, Kingsgrove NSW 2208",,0,4WD
00001566,13156,2005,BMW,645Ci,E63,Steptronic,Coupe,2,4,Maroon,,"6 Speed","Auto Seq Sportshift","Petrol - Premium ULP",50000,CWR67F,40125,8,4.4,WBAEH72050B536402,50453396,1,"18 Inch Alloy Wheels, Air Conditioning, Alarm System/Remote Anti Theft, Anti-Lock Braking, Auto Climate Control with Dual Temp Zones, CD Player, CD with 6 CD Stacker, Central Locking, Climate Control, Cruise Control, Dual Airbag Package, Dynamic Drive, Dynamic Stability Control, Electric Front Seats, Electronic Brake Force Distribution, Electronic Fuel Injection, Engine Immobiliser, Fog Lights - Front, Head Airbags, Heated Front Seats, Leather Trim, Log books, Metallic paint, Mobile Phone Connectivity, Multi Function Steering Wheel, Parking Distance Control, Phone Kit, Power Front Seats, Power Mirrors, Power Steering, Power Sunroof, Power Windows, Radio, Satellite Navigation, Side Airbags, Sound System with 10 Speakers, Speed Alert - Warning, Sport Seats, Television, Tinted Windows, Traction Control System, Trip Computer, Wood Grain Trim, Xenon Headlights","THIS LOVELY 645CI IS THE LOWEST KMS FOR SALE IN AUSTRALIA  - 4 X KEYS & FULL BMW SERVICE HISTORY (JUST SERVICED AT40,000KM)  - FULL PANORAMIC ROOF  - PLENTY OF FEATURES LIKE FRONT AND REAR SENSORS, SAT NAV, TV, PHONE CONNECTIVITY.  - NO ACCIDENT/REPAIRS      *** Drives like new, with incredible V8 power and in supreme luxury., Air Conditioning, Airbag, Alarm, Alloy Wheels, Anti-lock Braking System (ABS), CD Player, Central Locking, Climate Control, Cruise Control, Electric Front Seats, Electronic Fuel Injection, Engine Immobiliser, Leather Trim, Log books, Metallic paint, Phone Kit, Power mirrors, Power Steering, Power windows, Radio, Speed Alert - Warning, Sunroof, Tinted Windows, Traction control system, Trip Computer, * * * * * Located 10 minutes from CBD and Sydney Airport /// Inspection by appointment only /// We have 34 years industry experience /// T R A D E - I N S welcome /// Competitive F I N A N C E, W A R R A N T Y & Australia-Wide S H I P P I NG Available /// We take credit cards & eftpos /// Please call us! * * * * *",,,,,"697 Parramatta Road, Leichhardt NSW 2040",,0,RWD
00001567,13156,2007,BMW,X5,E70,Steptronic,Wagon,5,5,Grey,,"6 Speed","Auto Seq Sportshift","Petrol - Premium ULP",37900,CHV20Z,87817,8,4.8,WBAFE82090LC96500,52863961N62B48B,3,"19 Inch Alloy Wheels, Air Con + Climate Control Multi Zone, Alarm, Anti-Lock Braking, Automatic/Self Levelling Suspension, CD Player, CD with 6 CD Stacker, Central Locking Remote Control, Child Restraint, Comfort Seats Front, Cruise Control, Dual Airbag Package, Dynamic Stability Control, Electric Front Seats, Electronic Brake Force Distribution, Electronic Fuel Injection, Engine Immobiliser, Fog Lights - Front, Head Airbags, Hill Descent Control, Leather Trim, Leather Upholstery, Log books, Metallic paint, Parking Distance Control, Phone Kit, Power Front Seats, Power Mirrors, Power Steering, Power Windows, Radio, Radio Compact Disc Player, Reversing Camera, Roof Racks, Satellite Navigation, Side Front Air Bags, Sound System with 12 Speakers, Speed Alert - Warning, Sunroof, Tinted Windows, Tow Bar, Traction Control System, Trip Computer, Xenon Headlights","https://www.youtube.com/watch?v=w-6PY0T4ETk    * * * V8 SPORT MODEL WITH PLENTY OF OPTIONS * * *   - FULL BMW SERVICE HISTORY (SERVICED AT 87,000KMS!)  - FACTORY FITTED REAR ENTERTAINMENT  - HEADS UP DISPLAY, FULLY ELECTRIC SEATS WITH MEMORY  - REVERSE CAMERA + FRONT/ REAR SENSORS  - ANGEL EYES WITH BI-XENONS  - PANORAMIC SUNROOF  Genuine low kilometers and a very nice car! Come see for yourself, Air Conditioning, Airbag, Alarm, Alloy Wheels, Anti-lock Braking System (ABS), CD Player, Central Locking, Child Restraint, Climate Control, Cruise Control, Electric Front Seats, Electronic Fuel Injection, Engine Immobiliser, Leather Trim, Log books, Metallic paint, Phone Kit, Power mirrors, Power Steering, Power windows, Radio, Speed Alert - Warning, Sunroof, Tinted Windows, Tow Bar, Traction control system, Trip Computer, * * * * * Located 10 minutes from CBD and Sydney Airport /// Inspection by appointment only /// We have 34 years industry experience /// T R A D E - I N S welcome /// Competitive F I N A N C E, W A R R A N T Y & Australia-Wide S H I P P I NG Available /// We take credit cards & eftpos /// Please call us! * * * * *",,,,,"697 Parramatta Road, Leichhardt NSW 2040",,0,4WD
00001586,13156,2008,BMW,320D,"E90 MY08","Executive Steptronic",Sedan,4,5,Grey,,"6 Speed","Auto Seq Sportshift",Diesel,25000,BGE64Y,76979,4,2.0,WBAVG96070NL97817,82906801N47D20A,4,"16 Inch Alloy Wheels, Air Conditioning, Alarm, Anti-Lock Braking, Auto Climate Control with Dual Temp Zones, Central Locking Remote Control, Climate Control, Cruise Control, Dual Airbag Package, Dynamic Stability Control, Electric Front Seats, Electronic Fuel Injection, Engine Immobiliser, Fog Lights - Front, Head Airbags, Leather Trim, Leather Upholstery, Log books, Metallic paint, Multi Function Steering Wheel, Parking Distance Control, Phone Kit, Power Front Seats, Power Mirrors, Power Steering, Power Windows, Radio, Radio CD with 6 Speakers, Seatbelts - Pre-Tensioners Front Seats, Side Front Air Bags, Speed Alert - Warning, Sunroof, Tinted Windows, Traction Control System, Trip Computer, Turbo","https://www.youtube.com/watch?v=yDpwC0WtQHg    * * * M SPORT * * * FULL SERVICE HISTORY * 2 X KEYS * FLAWLESS CONDITION * SUNROOF * BLUETOOTH * TWO-TONE LEATHER * CALL FOR MORE INFO!, Air Conditioning, Airbag, Alarm, Alloy Wheels, Anti-lock Braking System (ABS), CD Player, Central Locking, Climate Control, Cruise Control, Electric Front Seats, Electronic Fuel Injection, Engine Immobiliser, Leather Trim, Log books, Metallic paint, Phone Kit, Power mirrors, Power Steering, Power windows, Radio, Speed Alert - Warning, Sunroof, Tinted Windows, Traction control system, Trip Computer, Turbo, * * * * * Located 10 minutes from CBD and Sydney Airport /// Inspection by appointment only /// We have 34 years industry experience /// T R A D E - I N S welcome /// Competitive F I N A N C E, W A R R A N T Y & Australia-Wide S H I P P I NG Available /// We take credit cards & eftpos /// Please call us! * * * * *",,,,,"14 Commercial Road, Kingsgrove NSW 2208",,0,RWD
00001590,13156,2008,BMW,135I,E88,Steptronic,Convertible,2,4,Grey,Beige,"6 Speed",Automatic,"Petrol - Premium ULP",32888,BGK84M,102259,6,3.0,WBAUN92020VG74674,09806820N54B30A,7,"Air Conditioning, Airbag, Alarm, Alloy Wheels, Anti-lock Braking System (ABS), CD Player, Central Locking, Climate Control, Cruise Control, Electric Front Seats, Electronic Fuel Injection, Engine Immobiliser, Leather Trim, Log books, Metallic paint, Phone Kit, Power mirrors, Power Steering, Power windows, Radio, Speed Alert - Warning, Tinted Windows, Traction control system, Trip Computer, Turbo","https://www.youtube.com/watch?v=s0vqdP5dX5Q    * * * M SPORT * * * ONE OWNER SINCE NEW * * FULL BMW SERVICE HISTORY, JUST SERVICED * 2 X KEYS * BLUETOOTH * DRIVES SUPERB, Air Conditioning, Airbag, Alarm, Alloy Wheels, Anti-lock Braking System (ABS), CD Player, Central Locking, Climate Control, Cruise Control, Electric Front Seats, Electronic Fuel Injection, Engine Immobiliser, Leather Trim, Log books, Metallic paint, Phone Kit, Power mirrors, Power Steering, Power windows, Radio, Speed Alert - Warning, Tinted Windows, Traction control system, Trip Computer, Turbo, * * * * * Located 10 minutes from CBD and Sydney Airport /// Inspection by appointment only /// We have 34 years industry experience /// T R A D E - I N S welcome /// Competitive F I N A N C E, W A R R A N T Y & Australia-Wide S H I P P I NG Available /// We take credit cards & eftpos /// Please call us! * * * * *",,,,,"697 Parramatta Road, Leichhardt NSW 2040",,0,RWD
00001600,13156,2007,Audi,A6,4F,"Tiptronic Quattro",Sedan,4,5,Silver,,"6 Speed","Auto Seq Sportshift","Petrol - Premium ULP",20000,BKP59E,114728,6,2.8,WAUZZZ4F78N022122,BDX002796,10,"17 Inch Alloy Wheels, Adjustable Steering Wheel - Tilt & Telescopic, Air Conditioning, Alarm, Anti-Lock Braking, Auto Climate Control with Dual Temp Zones, CD Player, CD with 6 CD Stacker, Central Locking Remote Control, Climate Control, Cruise Control, Dual Airbag Package, Electric Front Seats, Electronic Brake Force Distribution, Electronic Differential Lock, Electronic Fuel Injection, Electronic Stability Program, Engine Immobiliser, Fog Lights - Front, Head Airbags, Leather Steering Wheel, Leather Trim, Leather Upholstery, Log books, Metallic paint, Parking Distance Control, Phone Kit, Power Front Seats, Power Mirrors, Power Steering, Power Windows, Radio, Seatbelts - Pre-Tensioners Front Seats, Side Airbags, Sound System with 10 Speakers, Speed Alert - Warning, Sunroof, Tinted Windows, Traction Control System, Trip Computer, Wood Grain Trim","https://www.youtube.com/watch?v=fMOYF8Jzncg    * * EXCELLENT 2.8 V6 QUATTRO * FULL SERVICE HISTORY, JUST HAD AUDI SERVICE AT 112,000KM * 2 X KEYS * SILVER WITH DARK TAN LEATHER * ELECTRIC SEATS / SUNROOF * * LOVELY TO DRIVE., Air Conditioning, Airbag, Alarm, Alloy Wheels, Anti-lock Braking System (ABS), CD Player, Central Locking, Climate Control, Cruise Control, Electric Front Seats, Electronic Fuel Injection, Engine Immobiliser, Leather Trim, Log books, Metallic paint, Phone Kit, Power mirrors, Power Steering, Power windows, Radio, Speed Alert - Warning, Sunroof, Tinted Windows, Traction control system, Trip Computer, * * * * * Located 10 minutes from CBD and Sydney Airport /// Inspection by appointment only /// We have 34 years industry experience /// T R A D E - I N S welcome /// Competitive F I N A N C E, W A R R A N T Y & Australia-Wide S H I P P I NG Available /// We take credit cards & eftpos /// Please call us! * * * * *",,,,,"14 Commercial Road, Kingsgrove NSW 2208",,0,4WD
00001605,13156,1997,Volvo,S70,,2.5,Sedan,4,5,Green,,"4 Speed",Automatic,"Petrol - Unleaded",4000,YFS62X,244814,5,2.5,YV1LS5506V2408577,B5254S922224,4,"Air Conditioning, Anti-Lock Braking, Central Locking Remote Control, Dual Airbag Package, Engine Immobiliser, Power Mirrors, Power Steering, Power Windows, Radio Cassette with 6 Speakers, Side Airbags","A very strong and safe car... ideal for your kids or a simple run a round!, * * * * * Located 10 minutes from CBD and Sydney Airport /// Inspection by appointment only /// We have 34 years industry experience /// T R A D E - I N S welcome /// Competitive F I N A N C E, W A R R A N T Y & Australia-Wide S H I P P I NG Available /// We take credit cards & eftpos /// Please call us! * * * * *",,,,,"697 Parramatta Road, Leichhardt NSW 2040",,0,FWD
00001612,13156,2008,Audi,A3,8P,"Ambition Sportback S tronic",Hatchback,5,5,Grey,,"6 Speed","Sports Automatic Dual Clutch","Petrol - Premium ULP",15000,BWT81G,90436,4,2.0,WAUZZZ8P48A059834,BWA183084,10,"17 Inch Alloy Wheels, Air Conditioning, Alarm, Anti-Lock Braking, Auto Climate Control with Dual Temp Zones, Brake Assist, Central Locking Remote Control, Climate Control, Cloth Trim, Cruise Control, Dual Airbag Package, Electronic Fuel Injection, Electronic Stability Program, Engine Immobiliser, Fog Lights - Front, Head Airbags, Leather Steering Wheel, Log books, Metallic paint, Power Mirrors, Power Steering, Power Windows, Radio, Radio CD with 8 Speakers, Seatbelts - Pre-Tensioners Front Seats, Side Airbags, Sport Seats, Sports Suspension, Tinted Windows, Traction Control System, Trip Computer, Turbo","https://www.youtube.com/watch?v=oiaNGyQ5I9k    * 2.0 TURBO 5 DOOR * FULL AUDI SERVICE HISTORY * LOW KILOMETERS * 2 KEYS * EXCELLENT CONDITION * NEAR NEW TYRES, Air Conditioning, Airbag, Alarm, Alloy Wheels, Anti-lock Braking System (ABS), CD Player, Central Locking, Climate Control, Cruise Control, Electronic Fuel Injection, Engine Immobiliser, Log books, Metallic paint, Power mirrors, Power Steering, Power windows, Radio, Tinted Windows, Traction control system, Trip Computer, Turbo, * * * * * Located 10 minutes from CBD and Sydney Airport /// Inspection by appointment only /// We have 34 years industry experience /// T R A D E - I N S welcome /// Competitive F I N A N C E, W A R R A N T Y & Australia-Wide S H I P P I NG Available /// We take credit cards & eftpos /// Please call us! * * * * *",,,,,"697 Parramatta Road, Leichhardt NSW 2040",,0,FWD
00001619,13156,2004,Audi,A4,B6,Multitronic,Cabriolet,2,4,Silver,,"1 Speed","Constant Variable","Petrol - Premium ULP",9888,AQZ18L,216463,4,1.8,WAUZZZ8H94K027247,BFB068525,4,"Air Conditioning, Airbag, Alarm, Alloy Wheels, Anti-lock Braking System (ABS), CD Player, Central Locking, Climate Control, Cruise Control, Electronic Fuel Injection, Engine Immobiliser, Leather Trim, Log books, Metallic paint, Power mirrors, Power Steering, Power windows, Radio, Speed Alert - Warning, Tinted Windows, Traction control system, Trip Computer, Turbo","https://www.youtube.com/watch?v=TOCHCJ9c_Rg    * * LOVELY FOR AGE AND KMS * * DARK RED LEATHER * PREMIUM SOUND * EXCELLENT MECHANICALLY * FULL SERVICE HISTORY * 2 KEYS * TEST DRIVES WELCOME!, Air Conditioning, Airbag, Alarm, Alloy Wheels, Anti-lock Braking System (ABS), CD Player, Central Locking, Climate Control, Cruise Control, Electronic Fuel Injection, Engine Immobiliser, Leather Trim, Log books, Metallic paint, Power mirrors, Power Steering, Power windows, Radio, Speed Alert - Warning, Tinted Windows, Traction control system, Trip Computer, Turbo, * * * * * Located 10 minutes from CBD and Sydney Airport /// Inspection by appointment only /// We have 34 years industry experience /// T R A D E - I N S welcome /// Competitive F I N A N C E, W A R R A N T Y & Australia-Wide S H I P P I NG Available /// We take credit cards & eftpos /// Please call us! * * * * *",,,,,"966 Elizabeth Street, Zetland NSW 2017",,0,FWD
00001630,13156,2007,"Land Rover","Range Rover Sport","L320 07MY",TDV8,Wagon,5,5,Silver,,"6 Speed","Auto Seq Sportshift",Diesel,38888,CYN07K,167589,8,3.6,SALLSAA237A105490,0196096,4,"18 Inch Alloy Wheels, Air Conditioning, Air Suspension, Alarm System/Remote Anti Theft, Anti-Lock Braking, Auto Climate Control with Dual Temp Zones, Brake Assist, CD Player, CD with 6 CD Stacker, Central Locking Remote Control, Climate Control, Cruise Control, Dual Airbag Package, Dynamic Stability Control, Electric Front Seats, Electronic Fuel Injection, Engine Immobiliser, Fog Lights - Front, Head Airbags, Hill Descent Control, Leather Trim, Leather Upholstery, Log books, Metallic paint, Multi Function Steering Wheel, Parking Distance Control, Phone Kit, Power Front Seats, Power Mirrors, Power Steering, Power Windows, Radio, Side Front Air Bags, Sound System with 8 Speakers, Speed Alert - Warning, Tinted Windows, Tow Bar, Traction Control System, Trip Computer, Turbo, Xenon Headlights","* * ONE OWNER * * GORGEOUS EXAMPLE * * FULL LAND ROVER SERVICE HISTORY * 2 KEYS * TOW PACK * GPS SAT NAV * PREMIUM HARMON/KARDON LOGIC 7 SOUND * BLUETOOTH * FACTORY SIDE STEPS * XENON HEADLIGHTS, Air Conditioning, Airbag, Alarm, Alloy Wheels, Anti-lock Braking System (ABS), CD Player, Central Locking, Climate Control, Cruise Control, Electric Front Seats, Electronic Fuel Injection, Engine Immobiliser, Leather Trim, Log books, Metallic paint, Phone Kit, Power mirrors, Power Steering, Power windows, Radio, Speed Alert - Warning, Tinted Windows, Tow Bar, Traction control system, Trip Computer, Turbo, * * * * * Located 10 minutes from CBD and Sydney Airport /// Inspection by appointment only /// We have 34 years industry experience /// T R A D E - I N S welcome /// Competitive F I N A N C E, W A R R A N T Y & Australia-Wide S H I P P I NG Available /// We take credit cards & eftpos /// Please call us! * * * * *",,,,,"966 Elizabeth Street, Zetland NSW 2017",,0,4WD
00001632,13156,2008,Audi,Q7,MY09,"TDI Quattro",Wagon,5,7,Silver,,"6 Speed","Auto Seq Sportshift",Diesel,38500,BGH91E,93250,6,3.0,WAUZZZ4L48D063321,CAS025993,7,"18 Inch Alloy Wheels, Air Conditioning, Alarm, Anti-Lock Braking, Automatic Air Con / Climate Control, Brake Assist, CD Player, CD with 6 CD Stacker, Central Locking Remote Control, Cruise Control, Dual Airbag Package, Electric Front Seats, Electronic Brake Force Distribution, Electronic Differential Lock, Electronic Fuel Injection, Electronic Stability Program, Engine Immobiliser, Fog Lights - Front, Head Airbags, Leather Trim, Leather Upholstery, Log books, Metallic paint, Multi Function Steering Wheel, Parking Distance Control, Power Front Seats, Power Mirrors, Power Steering, Power Windows, Radio, Seatbelts - Pre-Tensioners Front Seats, Side Airbags, Sound System with 11 Speakers, Speed Alert - Warning, Third Row Seats, Tinted Windows, Traction Control System, Trip Computer, Turbo","ONE OWNER * 7 SEATS * * FULL UP TO DATE AUDI SERVICE HISTORY * * ABSOLUTELY IMMACULATE  * * 2 X KEYS * * NEAR NEW PIRELLI TYRES * * BEAUTIFUL TO DRIVE, Air Conditioning, Airbag, Alarm, Alloy Wheels, Anti-lock Braking System (ABS), CD Player, Central Locking, Climate Control, Cruise Control, Electric Front Seats, Electronic Fuel Injection, Engine Immobiliser, Leather Trim, Log books, Metallic paint, Power mirrors, Power Steering, Power windows, Radio, Speed Alert - Warning, Tinted Windows, Traction control system, Trip Computer, Turbo, * * * * * Located 10 minutes from CBD and Sydney Airport /// Inspection by appointment only /// We have 34 years industry experience /// T R A D E - I N S welcome /// Competitive F I N A N C E, W A R R A N T Y & Australia-Wide S H I P P I NG Available /// We take credit cards & eftpos /// Please call us! * * * * *",,,,,"697 Parramatta Road, Leichhardt NSW 2040",,0,4WD
00001633,13156,2006,Mercedes-Benz,CL500,"C215 MY05",,Coupe,2,4,Silver,,"7 Speed",Automatic,"Petrol - Premium ULP",42888,CXR28A,118650,8,5.0,WDB2153752A047467,11396030708160,4,"Air Conditioning, Airbag, Alarm, Alloy Wheels, Anti-lock Braking System (ABS), CD Player, Central Locking, Climate Control, Cruise Control, Electric Front Seats, Electronic Fuel Injection, Engine Immobiliser, Leather Trim, Log books, Metallic paint, Phone Kit, Power mirrors, Power Steering, Power windows, Radio, Speed Alert - Warning, Sunroof, Tinted Windows, Traction control system, Trip Computer","* $295,000 NEW IN 2006! * IMMACULATE ONE OWNER * FULL G BROTHER MERCEDES SERVICE HISTORY * 2 KEYS * POWER TAILGATE * KEYLESS GO * FLAWLESS EXAMPLE, Air Conditioning, Airbag, Alarm, Alloy Wheels, Anti-lock Braking System (ABS), CD Player, Central Locking, Climate Control, Cruise Control, Electric Front Seats, Electronic Fuel Injection, Engine Immobiliser, Leather Trim, Log books, Metallic paint, Phone Kit, Power mirrors, Power Steering, Power windows, Radio, Speed Alert - Warning, Sunroof, Tinted Windows, Traction control system, Trip Computer, * * * * * Located 10 minutes from CBD and Sydney Airport /// Inspection by appointment only /// We have 34 years industry experience /// T R A D E - I N S welcome /// Competitive F I N A N C E, W A R R A N T Y & Australia-Wide S H I P P I NG Available /// We take credit cards & eftpos /// Please call us! * * * * *",,,,,"966 Elizabeth Street, Zetland NSW 2017",,0,RWD
00001640,13156,2012,BMW,330D,"E92 MY0312",Steptronic,Coupe,2,4,Silver,,"6 Speed","Auto Seq Sportshift",Diesel,65000,CGV20B,25742,6,3.0,WBAKK72070E739763,35097906,1,"18 Inch Alloy Wheels, Air Conditioning, Alarm, Anti-Lock Braking, Automatic Air Con / Climate Control, Brake Assist, CD Player, Central Locking Remote Control, Comfort Access System, Cruise Control, Daytime Running Lights - LED, Dual Airbag Package, Dusk Sensing Headlights, Dynamic Stability Control, Electric Front Seats, Electronic Brake Force Distribution, Electronic Fuel Injection, Engine Immobiliser, Fog Lights - Front, Head Airbags, Leather Steering Wheel, Leather Trim, Leather Upholstery, Log books, Metallic paint, Multi Function Steering Wheel, Parking Distance Control, Parking Distance Control Front, Phone Kit, Power Front Seats with Memory, Power Mirrors, Power Steering, Power Windows, Premium Sound System, Radio, Radio Compact Disc Player, Rain Sensing Wipers, Satellite Navigation, Seatbelts - Pre-Tensioners Front Seats, Side Front Air Bags, Sound System with 11 Speakers, Speed Alert - Warning, Sport Seats, Sunroof, Tinted Windows, Traction Control System, Trip Computer, Turbo, Xenon Headlights","* * FLAWLESS M SPORT 330D * VERY LOW KMS * FULL BMW SERVICE HISTORY * 2 KEYS * DRIVES SUPERB * NOT A MARK OR BLEMISH, Air Conditioning, Airbag, Alarm, Alloy Wheels, Anti-lock Braking System (ABS), CD Player, Central Locking, Climate Control, Cruise Control, Electric Front Seats, Electronic Fuel Injection, Engine Immobiliser, Leather Trim, Log books, Metallic paint, Phone Kit, Power mirrors, Power Steering, Power windows, Radio, Speed Alert - Warning, Sunroof, Tinted Windows, Traction control system, Trip Computer, Turbo, * * * * * Located 10 minutes from CBD and Sydney Airport /// Inspection by appointment only /// We have 34 years industry experience /// T R A D E - I N S welcome /// Competitive F I N A N C E, W A R R A N T Y & Australia-Wide S H I P P I NG Available /// We take credit cards & eftpos /// Please call us! * * * * *",,,,,"966 Elizabeth Street, Zetland NSW 2017",,0,RWD
00001645,13156,2007,Nissan,350Z,"Z33 MY07",Touring,Roadster,2,2,Black,,"5 Speed",Automatic,"Petrol - Premium ULP",22888,CXY90Q,92300,6,3.5,JN12BAZ33A0260011,VQ35538321C,7,"Air Conditioning, Airbag, Alloy Wheels, Anti-lock Braking System (ABS), CD Player, Central Locking, Climate Control, Cruise Control, Electric Front Seats, Electronic Fuel Injection, Engine Immobiliser, Leather Trim, Log books, Metallic paint, Power mirrors, Power Steering, Radio, Traction control system","Very nice example, great to drive... sports convertible an a bargain price!, Air Conditioning, Airbag, Alloy Wheels, Anti-lock Braking System (ABS), CD Player, Central Locking, Climate Control, Cruise Control, Electric Front Seats, Electronic Fuel Injection, Engine Immobiliser, Leather Trim, Log books, Metallic paint, Power mirrors, Power Steering, Radio, Traction control system, * * * * * Located 10 minutes from CBD and Sydney Airport /// Inspection by appointment only /// We have 34 years industry experience /// T R A D E - I N S welcome /// Competitive F I N A N C E, W A R R A N T Y & Australia-Wide S H I P P I NG Available /// We take credit cards & eftpos /// Please call us! * * * * *",,,,,"697 Parramatta Road, Leichhardt NSW 2040",,0,RWD
00001647,13156,2005,BMW,325I,E90,Steptronic,Sedan,4,5,Grey,,"6 Speed","Auto Seq Sportshift","Petrol - Unleaded",14500,CYM77F,112280,6,2.5,WBAVB16010NB24214,00965925N52B25AF,5,"17 Inch Alloy Wheels, Air Conditioning, Anti-Lock Braking, Auto Climate Control with Dual Temp Zones, CD with 6 CD Stacker, Central Locking Remote Control, Climate Control, Cruise Control, Dual Airbag Package, Dynamic Stability Control, Engine Immobiliser, Head Airbags, Leather Upholstery, Multi Function Steering Wheel, Parking Distance Control, Power Front Seat Driver/Memory, Power mirrors, Power Steering, Power windows, Radio CD with 6 Speakers, Side Front Air Bags, Traction Control System, Trip Computer","Lovely Example with service history, excellent mecanically and drives great, come and test drive today, all the usual BMW saftey and luxury featurs... tremendous value for money!, Air Conditioning, Airbag, Alloy Wheels, Anti-lock Braking System (ABS), CD Player, Central Locking, Climate Control, Cruise Control, Power mirrors, Power Steering, Power windows, Traction control system, * * * * * Located 10 minutes from CBD and Sydney Airport /// Inspection by appointment only /// We have 34 years industry experience /// T R A D E - I N S welcome /// Competitive F I N A N C E, W A R R A N T Y & Australia-Wide S H I P P I NG Available /// We take credit cards & eftpos /// Please call us! * * * * *",,,,,"966 Elizabeth Street, Zetland NSW 2017",,0,RWD
00001649,13156,2006,Jaguar,X-Type,"X400 MY06",LE,Sedan,4,5,Silver,,"5 Speed",Automatic,"Petrol - Premium ULP",15888,BZN47W,139885,6,2.1,SAJAG51S06YJ02651,542863427YB,6,"16 Inch Alloy Wheels, Air Conditioning, Alarm System/Remote Anti Theft, Anti-Lock Braking, Automatic Air Con / Climate Control, CD with 6 CD Stacker, Central Locking Remote Control, Child Restraint, Cruise Control, Dual Airbag Package, Electronic Brake Force Distribution, Electronic Fuel Injection, Engine Immobiliser, Fog Lights - Front, Head Airbags, Leather Steering Wheel, Leather Trim, Leather Upholstery, Log books, Metallic paint, Parking Distance Control, Power Front Seats, Power Mirrors, Power Steering, Power Windows, Radio, Radio CD with 4 Speakers, Seatbelts - Pre-Tensioners Front Seats, Side Airbags, Traction Control System, Trip Computer, Wood Grain Trim","A lovely example and drives great.... prestige motoring at a bargain price!, Air Conditioning, Airbag, Alarm, Alloy Wheels, Anti-lock Braking System (ABS), CD Player, Central Locking, Child Restraint, Climate Control, Cruise Control, Electronic Fuel Injection, Leather Trim, Log books, Metallic paint, Power mirrors, Power Steering, Power windows, Radio, Traction control system, Trip Computer, * * * * * Located 10 minutes from CBD and Sydney Airport /// Inspection by appointment only /// We have 34 years industry experience /// T R A D E - I N S welcome /// Competitive F I N A N C E, W A R R A N T Y & Australia-Wide S H I P P I NG Available /// We take credit cards & eftpos /// Please call us! * * * * *",,,,,"697 Parramatta Road, Leichhardt NSW 2040",,0,FWD
00001650,13156,2008,BMW,120I,"E87 MY07",,Hatchback,5,5,Black,,"6 Speed",Automatic,"Petrol - Premium ULP",18000,BFP16W,87232,4,2.0,WBAUD32090P221251,A005I178N46B20BA,3,"17 Inch Alloy Wheels, Anti-Lock Braking, Automatic Air Con / Climate Control, Central Locking Remote Control, Cloth Trim, Cruise Control, Dual Airbag Package, Dynamic Stability Control, Engine Immobiliser, Fog Lights - Front, Head Airbags, Multi Function Steering Wheel, Power Mirrors, Power Steering, Power Windows, Radio CD with 6 Speakers, Side Front Air Bags, Sport Seats, Traction Control System, Trip Computer","* LOVELY EXAMPLE * FULL BMW SERVICE *  2 KEYS *, Airbag, Alloy Wheels, Anti-lock Braking System (ABS), CD Player, Central Locking, Climate Control, Cruise Control, Power Steering, Power windows, * * * * * Located 10 minutes from CBD and Sydney Airport /// Inspection by appointment only /// We have 34 years industry experience /// T R A D E - I N S welcome /// Competitive F I N A N C E, W A R R A N T Y & Australia-Wide S H I P P I NG Available /// We take credit cards & eftpos /// Please call us! * * * * *",,,,,"966 Elizabeth Street, Zetland NSW 2017",,0,RWD
00001651,13156,2008,BMW,120I,"E87 MY07",,Hatchback,5,5,Silver,,"6 Speed",Automatic,"Petrol - Premium ULP",20000,CYM82L,43431,4,2.0,WBAUD32030P221908,B641I227,5,"17 Inch Alloy Wheels, Anti-Lock Braking, Automatic Air Con / Climate Control, Central Locking Remote Control, Cloth Trim, Cruise Control, Dual Airbag Package, Dynamic Stability Control, Engine Immobiliser, Fog Lights - Front, Head Airbags, Multi Function Steering Wheel, Power Mirrors, Power Steering, Power Windows, Radio CD with 6 Speakers, Side Front Air Bags, Sport Seats, Traction Control System, Trip Computer","Airbag, Alloy Wheels, Anti-lock Braking System (ABS), CD Player, Central Locking, Climate Control, Cruise Control, Power Steering, Power windows, * * * * * Located 10 minutes from CBD and Sydney Airport /// Inspection by appointment only /// We have 34 years industry experience /// T R A D E - I N S welcome /// Competitive F I N A N C E, W A R R A N T Y & Australia-Wide S H I P P I NG Available /// We take credit cards & eftpos /// Please call us! * * * * *",,,,,"966 Elizabeth Street, Zetland NSW 2017",,0,RWD
00001652,13156,2008,Peugeot,308,T7,XTE,Hatchback,5,5,Black,,"4 Speed",Automatic,"Petrol - Premium ULP",14500,BJB11R,39783,4,1.6,VF34C5FTF55393740,FJAV0443595,1,"Airbag, Alloy Wheels, Anti-lock Braking System (ABS), CD Player, Central Locking, Climate Control, Cruise Control, Power mirrors, Power Steering, Power windows","Airbag, Alloy Wheels, Anti-lock Braking System (ABS), CD Player, Central Locking, Climate Control, Cruise Control, Power mirrors, Power Steering, Power windows, * * * * * Located 10 minutes from CBD and Sydney Airport /// Inspection by appointment only /// We have 34 years industry experience /// T R A D E - I N S welcome /// Competitive F I N A N C E, W A R R A N T Y & Australia-Wide S H I P P I NG Available /// We take credit cards & eftpos /// Please call us! * * * * *",,,,,"697 Parramatta Road, Leichhardt NSW 2040",,0,FWD
00001653,13156,2013,Audi,A4,"B8 8K MY13","allroad S tronic quattro",Wagon,5,5,Black,,"7 Speed","Sports Automatic Dual Clutch",Diesel,45000,NBO95Y,75842,4,2.0,WAUZZZ8K3DA170292,CGL226121,1,"17 Inch Alloy Wheels, Air Con + Climate Control Multi Zone, Anti-Lock Braking, Brake Assist, Central Locking Remote Control, Cruise Control, Daytime Running Lights - LED, Dual Airbag Package, Dusk Sensing Headlights, Electronic Brake Force Distribution, Electronic Differential Lock, Electronic Stability Program, Engine Immobiliser, Fog Lights - Front, Head Airbags, Keyless Entry and Drive, Leather Steering Wheel, Leather Trim, Multi Function Steering Wheel, Parking Distance Control, Power Front Seats, Power mirrors, Power Mirrors with Indicators, Power Steering, Power Windows, Radio CD with 10 Speakers, Rain Sensing Wipers, Roof Rails, Satellite Navigation, Seatbelts - Pre-Tensioners Front Seats, Side Airbags, Traction Control System, Trip Computer, Xenon Headlights","* BEAUTIFUL EXAMPLE OF A QUATTRO * FULL AUDI SERVICE HISTORY * 2 KEYS *, Air Conditioning, Airbag, Alloy Wheels, Anti-lock Braking System (ABS), CD Player, Central Locking, Climate Control, Cruise Control, Power mirrors, Power Steering, Power windows, Traction control system, * * * * * Located 10 minutes from CBD and Sydney Airport /// Inspection by appointment only /// We have 34 years industry experience /// T R A D E - I N S welcome /// Competitive F I N A N C E, W A R R A N T Y & Australia-Wide S H I P P I NG Available /// We take credit cards & eftpos /// Please call us! * * * * *",,,,,"697 Parramatta Road, Leichhardt NSW 2040",,0,4WD
00001655,13156,2003,Mercedes-Benz,S350,"W220 MY04",,Sedan,4,5,Black,,"5 Speed",Automatic,"Petrol - Unleaded",15990,CYW34K,152038,6,3.7,WDB2200672A382135,11297231606375,7,"Air Conditioning, Airbag, Alloy Wheels, Anti-lock Braking System (ABS), CD Player, Central Locking, Child Restraint, Cruise Control, Electric Front Seats, Electronic Fuel Injection, Leather Trim, Metallic paint, Power mirrors, Power Steering, Power windows, Radio, Sunroof, Traction control system","A very nice Merc.. come and test drive... you wont be dissapointed... Loads of value and prestige motoring at a bargain basement price!!, Air Conditioning, Airbag, Alloy Wheels, Anti-lock Braking System (ABS), CD Player, Central Locking, Child Restraint, Cruise Control, Electric Front Seats, Electronic Fuel Injection, Leather Trim, Metallic paint, Power mirrors, Power Steering, Power windows, Radio, Sunroof, Traction control system, * * * * * Located 10 minutes from CBD and Sydney Airport /// Inspection by appointment only /// We have 34 years industry experience /// T R A D E - I N S welcome /// Competitive F I N A N C E, W A R R A N T Y & Australia-Wide S H I P P I NG Available /// We take credit cards & eftpos /// Please call us! * * * * *",,,,,"697 Parramatta Road, Leichhardt NSW 2040",,0,RWD
00001656,13156,2010,Ford,Falcon,FG,"G6 50th Anniversary",Sedan,4,5,White,,"6 Speed","Auto Seq Sportshift","Petrol - Unleaded",19990,BPI60Z,93779,6,4.0,6FPAAAJGCMAM35823,JGCMAM35823,7,"18 Inch Alloy Wheels, Air Conditioning, Anti-Lock Braking, Automatic Air Con / Climate Control, Body Kit, Brake Assist, Central Locking Remote Control, Cloth Trim, Cruise Control, Dual Airbag Package, Dusk Sensing Headlights, Dynamic Stability Control, Electronic Brake Force Distribution, Engine Immobiliser, Fog Lights - Front, Head Airbags, Leather Trim, Parking Distance Control, Power Front Seat Driver, Power Mirrors, Power Steering, Power Windows, Radio CD with 4 Speakers, Seatbelts - Pre-Tensioners Front Seats, Side Airbags, Traction Control System, Trip Computer","Great Aussie ute!, Air Conditioning, Airbag, Alloy Wheels, Anti-lock Braking System (ABS), CD Player, Central Locking, Climate Control, Cruise Control, Power mirrors, Power Steering, Power windows, Traction control system, * * * * * Located 10 minutes from CBD and Sydney Airport /// Inspection by appointment only /// We have 34 years industry experience /// T R A D E - I N S welcome /// Competitive F I N A N C E, W A R R A N T Y & Australia-Wide S H I P P I NG Available /// We take credit cards & eftpos /// Please call us! * * * * *",,,,,"697 Parramatta Road, Leichhardt NSW 2040",,0,RWD
00001658,13156,2009,Volvo,XC90,"P28 MY10","D5 Geartronic Executive",Wagon,5,7,Silver,,"6 Speed","Auto Seq Sportshift",Diesel,27888,NBJ56E,146395,5,2.4,YV1CZ714691501321,D5244T639997,8,"19 Inch Alloy Wheels, Air Con + Climate Control Multi Zone, Anti-Lock Braking, Brake Assist, CD with 6 CD Stacker, Central Locking Remote Control, Child Restraint, Cruise Control, Dual Airbag Package, Dynamic Stability Control, Electronic Brake Force Distribution, Engine Immobiliser, Fog Lights - Front, Head Airbags, Heated Front Seats, Leather Trim Special, Metallic Paint, Parking Distance Control, Power Front Seats, Power Mirrors, Power Steering, Power Windows, Radio CD with 8 Speakers, Rain Sensing Wipers, Seatbelts - Pre-Tensioners Front Seats, Side Front Air Bags, Traction Control System, Trip Computer, Vehicle Stability Control, Xenon Headlights","*THIS VOLVO XC 90 TURBO DIESEL D5 7 SEATER WITH LEATHER INTERIOR  AND REAR ENTERTAINMENT, * 2 KEYS * FULL SERVICE HISTORY *  MULTI FUNCTION STERRING WHEEL, AIR BAGS, ABS BRAKING, CARGO BARRIER, PARKING SENSORS, FACTORY ALLOYS AND THE USUAL VOLVO LUXURY FEATURES, Air Conditioning, Airbag, Alloy Wheels, Anti-lock Braking System (ABS), CD Player, Central Locking, Child Restraint, Climate Control, Cruise Control, Metallic paint, Power mirrors, Power Steering, Power windows, Traction control system, * * * * * Located 10 minutes from CBD and Sydney Airport /// Inspection by appointment only /// We have 34 years industry experience /// T R A D E - I N S welcome /// Competitive F I N A N C E, W A R R A N T Y & Australia-Wide S H I P P I NG Available /// We take credit cards & eftpos /// Please call us! * * * * *",,,,,"697 Parramatta Road, Leichhardt NSW 2040",,0,4WD
00001661,13156,2007,Volkswagen,Golf,"V MY07","Comfortline Tiptronic",Hatchback,5,5,Silver,,"6 Speed","Auto Seq Sportshift","Petrol - Premium ULP",12500,BFN90B,53576,4,2.0,WVWZZZ1KZ7U042102,BVY115329,8,"15 Inch Alloy Wheels, Air Conditioning, Anti-Lock Braking, Brake Assist, Central Locking Remote Control, Cruise Control, Dual Airbag Package, Electronic Brake Force Distribution, Engine Immobiliser, Head Airbags, Leather Steering Wheel, Multi Function Steering Wheel, Power Mirrors, Power Steering, Power Windows, Radio CD with 10 Speakers, Seatbelts - Pre-Tensioners Front Seats, Side Front Air Bags, Traction Control System, Trip Computer","* LOVELY CAR * FULL SERVICE HISTORY * AND EXTREAMLY LOW KMS. AI CONDITION MACHANICALLY AND A REAL PLEASURE TO DRIVE. YOU WONT FIND ONE WITH THESE LOW KMS. AND LOG BOOKS. COME AND TEST DRIVE THIS LITTLE GEM., Air Conditioning, Airbag, Alloy Wheels, Anti-lock Braking System (ABS), CD Player, Central Locking, Cruise Control, Power mirrors, Power Steering, Power windows, Traction control system, * * * * * Located 10 minutes from CBD and Sydney Airport /// Inspection by appointment only /// We have 34 years industry experience /// T R A D E - I N S welcome /// Competitive F I N A N C E, W A R R A N T Y & Australia-Wide S H I P P I NG Available /// We take credit cards & eftpos /// Please call us! * * * * *",,,,,"966 Elizabeth Street, Zetland NSW 2017",,0,FWD
00001662,13156,2008,Audi,A4,"B7 MY08",Multitronic,Cabriolet,2,4,Grey,,"7 Speed","Constant Variable","Petrol - Premium ULP",22888,BGU73R,52049,4,1.8,WAUZZZ8H48K009096,BFB161586,8,"17 Inch Alloy Wheels, Anti-Lock Braking, Auto Climate Control with Dual Temp Zones, Brake Assist, CD with 6 CD Stacker, Central Locking Remote Control, Climate Control, Cruise Control, Dual Airbag Package, Electric Top, Electronic Differential Lock, Electronic Stability Program, Engine Immobiliser, Fog Lights - Front, Leather Steering Wheel, Leather Upholstery, Power Mirrors, Power Steering, Power Windows, Seatbelts - Pre-Tensioners Front Seats, Side Airbags, Sound System with 9 Speakers, Traction Control System, Trip Computer","* BEAUTIFUL EXAMPLE OF CONVERTIBLE* 2 KEYS * FULL SERVICE HISTORY*, Airbag, Alloy Wheels, Anti-lock Braking System (ABS), Central Locking, Climate Control, Cruise Control, Power mirrors, Power Steering, Power windows, Traction control system, * * * * * Located 10 minutes from CBD and Sydney Airport /// Inspection by appointment only /// We have 34 years industry experience /// T R A D E - I N S welcome /// Competitive F I N A N C E, W A R R A N T Y & Australia-Wide S H I P P I NG Available /// We take credit cards & eftpos /// Please call us! * * * * *",,,,,"697 Parramatta Road, Leichhardt NSW 2040",,0,FWD
00001663,13156,2009,Nissan,Maxima,J32,"350 X-tronic Ti",Sedan,4,5,Silver,Black,"6 Speed","Constant Variable","Petrol - Premium ULP",14000,CZH56W,131145,6,3.5,MNTBAUJ32A0000720,VQ35001708K,8,"17 Inch Alloy Wheels, Air Conditioning, Alarm, Anti-Lock Braking, Auto Climate Control with Dual Temp Zones, Brake Assist, CD Player, CD with 6 CD Stacker, Central Locking, Child Restraint, Climate Control, Cruise Control, Digital Video Disc Player, Dual Airbag Package, Electric Front Seats, Electronic Brake Force Distribution, Electronic Fuel Injection, Engine Immobiliser, Fog Lights - Front, Head Airbags, Heated Front Seats, Leather Steering Wheel, Leather Trim, Leather Upholstery, Log books, Metallic paint, Parking Distance Control, Power Front Seats, Power Mirrors, Power Steering, Power Sunroof, Power Windows, Radio, Radio Cassette, Rear Spoiler, Reversing Camera, Satellite Navigation, Seatbelts - Pre-Tensioners Front Seats, Side Front Air Bags, Sound System with 11 Speakers, Speed Alert - Warning, Traction Control System, Trip Computer, Vehicle Stability Control, Xenon Headlights","Immaculate example with full service history and rego until 22/6/16 GREAT Car, wont dissapoint.. looks and drives superb !!!  Better than a BMW or Audi at half the price... come and drive it and see for yourself!!!!, Air Conditioning, Airbag, Alarm, Alloy Wheels, Anti-lock Braking System (ABS), CD Player, Central Locking, Child Restraint, Climate Control, Cruise Control, Electric Front Seats, Electronic Fuel Injection, Engine Immobiliser, Leather Trim, Log books, Metallic paint, Power mirrors, Power Steering, Power windows, Radio, Speed Alert - Warning, Traction control system, Trip Computer, * * * * * Located 10 minutes from CBD and Sydney Airport /// Inspection by appointment only /// We have 34 years industry experience /// T R A D E - I N S welcome /// Competitive F I N A N C E, W A R R A N T Y & Australia-Wide S H I P P I NG Available /// We take credit cards & eftpos /// Please call us! * * * * *",,,,,"697 Parramatta Road, Leichhardt NSW 2040",,0,FWD
00001665,13156,2004,BMW,X3,E83,Steptronic,Wagon,5,5,Grey,,"5 Speed","Auto Seq Sportshift","Petrol - Premium ULP",12888,ARE21L,148227,6,3.0,WBAPA920X0WB31477,23295662,7,"17 Inch Alloy Wheels, Air Conditioning, Anti-Lock Braking, Automatic Air Con / Climate Control, CD Player, Central Locking Remote Control, Child Restraint, Cruise Control, Dual Airbag Package, Dynamic Stability Control, Electronic Fuel Injection, Electronic Stability Program, Engine Immobiliser, Fog Lights - Front, Head Airbags, Hill Descent Control, Leather Upholstery, Multi Function Steering Wheel, Power Mirrors, Power Steering, Power Windows, Radio Compact Disc Player, Roof Racks, Side Airbags, Sunroof, Traction Control System, Trip Computer","* WELL LOOKED AFTER * FULL SERVICE HISTORY * 2 KEYS * MECHANICALLY A1 AND DRIVES LOVELY AND SMOOTH* HAS ALL THE USUAL BMW SAFTLY AND LUXURY FEATURES* COME AND TEST DRIVE TODAY AND SEE FOR YOURSELF* GREAT VALUE, Air Conditioning, Airbag, Alloy Wheels, Anti-lock Braking System (ABS), CD Player, Central Locking, Child Restraint, Climate Control, Cruise Control, Electronic Fuel Injection, Power mirrors, Power Steering, Power windows, Sunroof, Traction control system, Trip Computer, * * * * * Located 10 minutes from CBD and Sydney Airport /// Inspection by appointment only /// We have 34 years industry experience /// T R A D E - I N S welcome /// Competitive F I N A N C E, W A R R A N T Y & Australia-Wide S H I P P I NG Available /// We take credit cards & eftpos /// Please call us! * * * * *",,,,,"697 Parramatta Road, Leichhardt NSW 2040",,0,4WD
00001666,13156,2002,BMW,320i,"E46 MY2002","Touring Steptronic",Wagon,5,5,Silver,,"5 Speed",Automatic,"Petrol - Unleaded",6800,ADN32Z,222222,6,2.2,WBAEN12000PB45301,24055072226S1,2,"16 Inch Alloy Wheels, Anti-Lock Braking, Automatic Air Con / Climate Control, Central Locking Remote Control, Compact Disc Player, Cruise Control, Dual Airbag Package, Engine Immobiliser, Fog Lights - Front, Head Airbags, Leather Steering Wheel, Leather Upholstery, Multi Function Steering Wheel, Power Mirrors, Power Steering, Power Windows, Rear Spoiler, Roof Racks, Side Airbags","THIS BMW 3201 TOURING WAGON HAS BEEN VERY WELL LOOKED AFTER AND HAS LOG BOOK SERVICE HISTORY, IS MECHANICALLY A1, BODY AND INTERIOR IS VERY TIDY ABD CARED FOR, LOOKS AND DRIVES GREAT, ALL THE USUAL BMW SAFETY FEATURS., Airbag, Alloy Wheels, Anti-lock Braking System (ABS), CD Player, Central Locking, Climate Control, Cruise Control, Power mirrors, Power Steering, Power windows, * * * * * Located 10 minutes from CBD and Sydney Airport /// Inspection by appointment only /// We have 34 years industry experience /// T R A D E - I N S welcome /// Competitive F I N A N C E, W A R R A N T Y & Australia-Wide S H I P P I NG Available /// We take credit cards & eftpos /// Please call us! * * * * *",,,,,"966 Elizabeth Street, Zetland NSW 2017",,0,RWD
00001667,13156,2012,Holden,Cruze,"JH Series II MY12",CD,Hatchback,5,5,Green,,"6 Speed","Auto Seq Sportshift","Petrol - Unleaded",13500,230TQC,73215,4,1.4,6G1PD6E81CL643668,19YX4989A14NET,1,"Adjustable Steering Wheel - Tilt & Telescopic, Air Conditioning, Alarm, Alloy Wheels, Anti-Lock Braking, Brake Assist, Central Locking Remote Control, Child Restraint, Climate Control, Cloth Trim, Cruise Control, Dual Airbag Package, Dusk Sensing Headlights, Electronic Brake Force Distribution, Electronic Fuel Injection, Electronic Stability Program, Engine Immobiliser, Head Airbags, Metallic paint, Multi Function Steering Wheel, Power Mirrors, Power Steering, Power Windows, Radio, Radio CD with 6 Speakers, Seatbelts - Pre-Tensioners Front Seats, Side Front Air Bags, Traction Control System, Trip Computer","* BEAUTIFULLY LOOKED AFTER * 2 KEYS * TINTED WINDOWS * THIS LOVELY AUTO HATCH BACK IS MECHANICALLY A1 AND DRIVES SUPERB, LOOKS GREAT AND REPRESENTS GREAT VALUE, COME AND TEST DRIVE AND SEE JUST HOW NICE IT REALLY IS. TRADE INS WELCOME, CAN FINANCE ALSO., Air Conditioning, Airbag, Alarm, Alloy Wheels, Anti-lock Braking System (ABS), CD Player, Central Locking, Child Restraint, Climate Control, Cloth Trim, Cruise Control, Electronic Fuel Injection, Metallic paint, Power mirrors, Power Steering, Power windows, Radio, Traction control system, * * * * * Located 10 minutes from CBD and Sydney Airport /// Inspection by appointment only /// We have 34 years industry experience /// T R A D E - I N S welcome /// Competitive F I N A N C E, W A R R A N T Y & Australia-Wide S H I P P I NG Available /// We take credit cards & eftpos /// Please call us! * * * * *",,,,,"966 Elizabeth Street, Zetland NSW 2017",,0,FWD
00001670,13156,2006,BMW,550i,E60,Steptronic,Sedan,4,5,Blue,,"6 Speed","Auto Seq Sportshift","Petrol - Premium ULP",34888,CXQ62D,95246,8,4.8,WBANB52030CR75937,50413737N62B49B,2,"18 Inch Alloy Wheels, Alarm System/Remote Anti Theft, Anti-Lock Braking, Auto Climate Control with Dual Temp Zones, CD with 6 CD Stacker, Central Locking Remote Control, Climate Control, Comfort Seats Front, Cruise Control, Dual Airbag Package, Dynamic Stability Control, Engine Immobiliser, Fog Lights - Front, Head Airbags, Head Up Display, Leather Upholstery, Metallic Paint, Multi Function Steering Wheel, Parking Distance Control, Power Front Seats, Power Mirrors, Power Steering, Power Sunroof, Power Windows, Radio CD with 10 Speakers, Satellite Navigation, Side Airbags, Television, Traction Control System, Trip Computer, Voice Recognition System, Wood Grain Trim, Xenon Headlights","Airbag, Alarm, Alloy Wheels, Anti-lock Braking System (ABS), CD Player, Central Locking, Climate Control, Cruise Control, Metallic paint, Power mirrors, Power Steering, Power windows, Sunroof, * * * * * Located 10 minutes from CBD and Sydney Airport /// Inspection by appointment only /// We have 34 years industry experience /// T R A D E - I N S welcome /// Competitive F I N A N C E, W A R R A N T Y & Australia-Wide S H I P P I NG Available /// We take credit cards & eftpos /// Please call us! * * * * *",,,,,"697 Parramatta Road, Leichhardt NSW 2040",,0,RWD
00001672,13156,2005,Subaru,Impreza,"S MY05","GX AWD Luxury",Hatchback,5,5,White,,"4 Speed",Automatic,"Petrol - Unleaded",6888,BK31GC,153582,4,2.0,JF1GG9KR55G030179,C481815,5,"15 Inch Alloy Wheels, Anti-Lock Braking, Automatic Air Con / Climate Control, Central Locking Remote Control, Cruise Control, Dual Airbag Package, Electronic Brake Force Distribution, Engine Immobiliser, Fog Lights - Front, Leather Upholstery, Metallic paint, Power Mirrors, Power Steering, Power Sunroof, Power Windows, Radio CD with 4 Speakers, Roof Racks, Seatbelts - Pre-Tensioners Front Seats, Side Front Air Bags","Airbag, Alloy Wheels, Anti-lock Braking System (ABS), CD Player, Central Locking, Climate Control, Cruise Control, Metallic paint, Power mirrors, Power Steering, Power windows, Sunroof, * * * * * Located 10 minutes from CBD and Sydney Airport /// Inspection by appointment only /// We have 34 years industry experience /// T R A D E - I N S welcome /// Competitive F I N A N C E, W A R R A N T Y & Australia-Wide S H I P P I NG Available /// We take credit cards & eftpos /// Please call us! * * * * *",,,,,"966 Elizabeth Street, Zetland NSW 2017",,0,4WD
00001674,13156,2008,Honda,Accord,"8th Gen",VTi,Sedan,4,5,Silver,,"5 Speed","Auto Seq Sportshift","Petrol - Unleaded",14888,BC00VR,84989,4,2.4,MRHCP26308P031115,K24Z21953982,3,"16 Inch Alloy Wheels, Air Conditioning, Alarm System/Remote Anti Theft, Anti-Lock Braking, Auto Climate Control with Dual Temp Zones, Brake Assist, CD with 6 CD Stacker, Central Locking Remote Control, Child Restraint, Climate Control, Cloth Trim, Cruise Control, Dual Airbag Package, Electronic Brake Force Distribution, Electronic Fuel Injection, Engine Immobiliser, Log books, Metallic paint, Power Mirrors, Power Steering, Power Windows, Radio, Radio CD with 6 Speakers, Seatbelts - Pre-Tensioners Front Seats, Side Front Air Bags, Traction Control System, Trip Computer, Vehicle Stability Control","* IMMACULATELY KEPT *  BEAUTIFUL TIDY BODY *  GOOD SERVICE HISTORY*, Air Conditioning, Airbag, Alarm, Alloy Wheels, Anti-lock Braking System (ABS), CD Player, Central Locking, Child Restraint, Climate Control, Cloth Trim, Cruise Control, Electronic Fuel Injection, Log books, Metallic paint, Power mirrors, Power Steering, Power windows, Radio, Traction control system, Trip Computer, * * * * * Located 10 minutes from CBD and Sydney Airport /// Inspection by appointment only /// We have 34 years industry experience /// T R A D E - I N S welcome /// Competitive F I N A N C E, W A R R A N T Y & Australia-Wide S H I P P I NG Available /// We take credit cards & eftpos /// Please call us! * * * * *",,,,,"697 Parramatta Road, Leichhardt NSW 2040",,0,FWD
00001675,13156,2010,BMW,135I,"E88 MY10",Steptronic,Convertible,2,4,White,,"6 Speed",Automatic,"Petrol - Premium ULP",39000,BNB90A,77290,6,3.0,WBAUN92050VG75298,13057241N54B30A,1,"18 Inch Alloy Wheels, Air Conditioning, Anti-Lock Braking, Automatic Air Con / Climate Control, Body Kit, CD Player, Central Locking Remote Control, Child Restraint, Cruise Control, Dual Airbag Package, Dynamic Stability Control, Electric Front Seats, Electric Top, Electronic Brake Force Distribution, Electronic Fuel Injection, Engine Immobiliser, Heated Front Seats, Leather Trim, Leather Upholstery, Log books, Power Front Seats, Power Mirrors, Power Steering, Power windows, Radio Compact Disc Player, Side Front Air Bags, Sport Seats, Sports Suspension, Traction Control System, Trip Computer, Xenon Headlights","Gorgeous 135i M Sport  convertible * 2 KEYS *  PERFECT SERVICE HISTORY* SATNAV AND ALL THE USUAL BMW LUXURY AND SAFTEY FEATURES*   You will love this car !    https://www.360finance.com.au/landing/partners/bcc/car-finance, Air Conditioning, Airbag, Alloy Wheels, Anti-lock Braking System (ABS), CD Player, Central Locking, Child Restraint, Climate Control, Cruise Control, Electric Front Seats, Electronic Fuel Injection, Engine Immobiliser, Leather Trim, Log books, Power mirrors, Power Steering, Power windows, Traction control system, Trip Computer, * * * * * Located 10 minutes from CBD and Sydney Airport /// Inspection by appointment only /// We have 34 years industry experience /// T R A D E - I N S welcome /// Competitive F I N A N C E, W A R R A N T Y & Australia-Wide S H I P P I NG Available /// We take credit cards & eftpos /// Please call us! * * * * *",,,,,"966 Elizabeth Street, Zetland NSW 2017",,0,RWD
00001676,13156,2006,Toyota,"Hilux (2WD)",GGN15R,,"Dual Cab",4,,White,,,Automatic,Petrol,8000,AK83SA,412496,6,,MR0EU12G804001918,1GR0789125,4,,"Toyota Hilux Twin Cab Automatic * very well maintained and drive amazingly well. Great value for money workhorse and Toyota reliability     https://www.360finance.com.au/landing/partners/bcc/car-finance, * * * * * Located 10 minutes from CBD and Sydney Airport /// Inspection by appointment only /// We have 34 years industry experience /// T R A D E - I N S welcome /// Competitive F I N A N C E, W A R R A N T Y & Australia-Wide S H I P P I NG Available /// We take credit cards & eftpos /// Please call us! * * * * *",,,,,"966 Elizabeth Street, Zetland NSW 2017",,0,
00001677,13156,2009,Volkswagen,Passat,"Type 3C MY09","125TDI DSG",Wagon,5,5,Silver,,"6 Speed","Sports Automatic Dual Clutch",Diesel,16000,BLC87K,71226,4,2.0,WVWZZZ3CZAE022256,CBB215868,6,"17 Inch Alloy Wheels, Air Conditioning, Anti-Lock Braking, Auto Climate Control with Dual Temp Zones, Brake Assist, CD with 6 CD Stacker, Central Locking Remote Control, Climate Control, Cruise Control, Dual Airbag Package, Electronic Brake Force Distribution, Electronic Stability Program, Engine Immobiliser, Head Airbags, Leather Steering Wheel, Power Front Seat Driver, Power Mirrors, Power Steering, Power Windows, Radio CD with 8 Speakers, Seatbelts - Pre-Tensioners Front Seats, Side Airbags, Traction Control System, Trip Computer","Air Conditioning, Airbag, Alloy Wheels, Anti-lock Braking System (ABS), CD Player, Central Locking, Climate Control, Cruise Control, Power mirrors, Power Steering, Power windows, Traction control system, * * * * * Located 10 minutes from CBD and Sydney Airport /// Inspection by appointment only /// We have 34 years industry experience /// T R A D E - I N S welcome /// Competitive F I N A N C E, W A R R A N T Y & Australia-Wide S H I P P I NG Available /// We take credit cards & eftpos /// Please call us! * * * * *",,,,,"697 Parramatta Road, Leichhardt NSW 2040",,0,FWD
00001679,13156,2010,Audi,A6,"4F MY11","Tiptronic Quattro",Sedan,4,5,Grey,Black,"6 Speed","Auto Seq Sportshift",Diesel,40000,BTI10E,87029,6,3.0,WAUZZZ4F3BN021721,CDY040828,10,"Air Conditioning, Airbag, Alarm, Alloy Wheels, Anti-lock Braking System (ABS), CD Player, Central Locking, Climate Control, Cruise Control, Electric Front Seats, Electronic Fuel Injection, Engine Immobiliser, Leather Trim, Log books, Metallic paint, Power mirrors, Power Steering, Power windows, Radio, Speed Alert - Warning, Sunroof, Tinted Windows, Traction control system, Trip Computer, Turbo","* * * IMMACULATE VEHICLE, FULL AUDI SERVICE HISTORY, DRIVES INCREDIBLY WELL, NOTHING TO SPEND FOR SUPREME COMFORT AND STYLE. TURBO DIESEL S LINE ! 2 X KEYS, Air Conditioning, Airbag, Alarm, Alloy Wheels, Anti-lock Braking System (ABS), CD Player, Central Locking, Climate Control, Cruise Control, Electric Front Seats, Electronic Fuel Injection, Engine Immobiliser, Leather Trim, Log books, Metallic paint, Power mirrors, Power Steering, Power windows, Radio, Speed Alert - Warning, Sunroof, Tinted Windows, Traction control system, Trip Computer, Turbo, * * * * * Located 10 minutes from CBD and Sydney Airport /// Inspection by appointment only /// We have 34 years industry experience /// T R A D E - I N S welcome /// Competitive F I N A N C E, W A R R A N T Y & Australia-Wide S H I P P I NG Available /// We take credit cards & eftpos /// Please call us! * * * * *",,,,,"966 Elizabeth Street, Zetland NSW 2017",,0,4WD
00001680,13156,2008,BMW,X5,"E70 MY09","xDrive30d Steptronic",Wagon,5,5,Grey,,"6 Speed","Auto Seq Sportshift",Diesel,29888,BFP55M,174525,6,3.0,WBAFF42080LZ98424,21376708306D5,3,"18 Inch Alloy Wheels, Air Conditioning, Anti-Lock Braking, Auto Climate Control with Dual Temp Zones, CD Player, CD with 6 CD Stacker, Central Locking Remote Control, Climate Control, Cruise Control, Dual Airbag Package, Dynamic Stability Control, Electronic Brake Force Distribution, Engine Immobiliser, Fog Lights - Front, Head Airbags, Hill Descent Control, Leather Upholstery, Parking Distance Control, Power Mirrors, Power Steering, Power Windows, Radio, Radio Compact Disc Player, Roof Racks, Seatbelts - Pre-Tensioners Front Seats, Side Front Air Bags, Traction Control System, Trip Computer","* * * LOVELY CAR FOR KMS, FULL SERVICE HISTORY, 1 KEY THOUGH, LOOKS AND DRIVES GREAT. MECHANICALLY A1. COME TEST DRIVE. HAD MAJOR SERVICE 2 MONTHS AGO., Air Conditioning, Airbag, Alloy Wheels, Anti-lock Braking System (ABS), CD Player, Central Locking, Climate Control, Cruise Control, Power mirrors, Power Steering, Power windows, Radio, * * * * * Located 10 minutes from CBD and Sydney Airport /// Inspection by appointment only /// We have 34 years industry experience /// T R A D E - I N S welcome /// Competitive F I N A N C E, W A R R A N T Y & Australia-Wide S H I P P I NG Available /// We take credit cards & eftpos /// Please call us! * * * * *",,,,,"966 Elizabeth Street, Zetland NSW 2017",,0,4WD
00001681,13156,2008,Citroen,C4,,"2.0 HDI",Hatchback,5,5,Silver,,"6 Speed",Automatic,Diesel,12000,BGS75F,65472,4,2.0,VF7LCRHRJ74806394,KFV10DYVM4PSA040773,1,"17 Inch Alloy Wheels, Anti-Lock Braking, Automatic Air Con / Climate Control, Brake Assist, CD Player, Central Locking Remote Control, Cloth Trim, Cruise Control, Dual Airbag Package, Electronic Brake Force Distribution, Electronic Stability Program, Engine Immobiliser, Head Airbags, Leather Steering Wheel, Multi Function Steering Wheel, Power Mirrors, Power Steering, Power Windows, Radio Compact Disc Player, Rear Spoiler, Seatbelts - Pre-Tensioners Front Seats, Side Airbags, Trip Computer","Airbag, Alloy Wheels, Anti-lock Braking System (ABS), CD Player, Central Locking, Climate Control, Cruise Control, Power mirrors, Power Steering, Power windows, * * * * * Located 10 minutes from CBD and Sydney Airport /// Inspection by appointment only /// We have 34 years industry experience /// T R A D E - I N S welcome /// Competitive F I N A N C E, W A R R A N T Y & Australia-Wide S H I P P I NG Available /// We take credit cards & eftpos /// Please call us! * * * * *",,,,,"966 Elizabeth Street, Zetland NSW 2017",,0,FWD
00001682,13156,2009,BMW,335i,"E93 MY09.5",D-CT,Convertible,2,4,Black,,"7 Speed","Sports Automatic Dual Clutch","Petrol - Premium ULP",44500,BKQ67R,63593,6,3.0,WBAWL72020PZ84652,06657014,6,"18 Inch Alloy Wheels, Anti-Lock Braking, Automatic Air Con / Climate Control, CD Player, CD with 6 CD Stacker, Central Locking Remote Control, Cruise Control, Dual Airbag Package, Dynamic Stability Control, Electric Top, Engine Immobiliser, Fog Lights - Front, Head Airbags, Leather Upholstery, Multi Function Steering Wheel, Parking Distance Control, Power Front Seats, Power Mirrors, Power Steering, Power Windows, Satellite Navigation, Side Front Air Bags, Sport Seats, Sports Suspension, Traction Control System, Trip Computer, Xenon Headlights","Airbag, Alloy Wheels, Anti-lock Braking System (ABS), CD Player, Central Locking, Climate Control, Cruise Control, Power Steering, * * * * * Located 10 minutes from CBD and Sydney Airport /// Inspection by appointment only /// We have 34 years industry experience /// T R A D E - I N S welcome /// Competitive F I N A N C E, W A R R A N T Y & Australia-Wide S H I P P I NG Available /// We take credit cards & eftpos /// Please call us! * * * * *",,,,,"966 Elizabeth Street, Zetland NSW 2017",,0,RWD
00001684,13156,2009,Toyota,Kluger,GSU40R,"KX-R 2WD",Wagon,5,5,Grey,,"5 Speed","Auto Seq Sportshift","Petrol - Unleaded",24888,,63229,6,3.5,JTEDS41A902090968,2GRA575725,7,"17 Inch Alloy Wheels, Air Conditioning, Alarm, Anti-Lock Braking, Brake Assist, Central Locking, Cruise Control, Dual Airbag Package, Electronic Brake Force Distribution, Engine Immobiliser, Head Airbags, Hill Holder, Power Mirrors, Power Steering, Power Windows, Radio CD with 6 Speakers, Reversing Camera, Seatbelts - Pre-Tensioners Front Seats, Side Front Air Bags, Traction Control System, Vehicle Stability Control","Air Conditioning, Airbag, Alarm, Alloy Wheels, Anti-lock Braking System (ABS), CD Player, Central Locking, Cruise Control, Power mirrors, Power Steering, Power windows, Traction control system, * * * * * Located 10 minutes from CBD and Sydney Airport /// Inspection by appointment only /// We have 34 years industry experience /// T R A D E - I N S welcome /// Competitive F I N A N C E, W A R R A N T Y & Australia-Wide S H I P P I NG Available /// We take credit cards & eftpos /// Please call us! * * * * *",,,,,"966 Elizabeth Street, Zetland NSW 2017",,0,FWD
